INSERT INTO governorates (id, data, updated_at) VALUES ('JO-AJL', '{"name":"عجلون"}', '2026-07-11T08:24:07.530Z');
INSERT INTO governorates (id, data, updated_at) VALUES ('JO-AMM', '{"name":"عمان"}', '2026-07-11T08:24:07.530Z');
INSERT INTO governorates (id, data, updated_at) VALUES ('JO-AQA', '{"name":"العقبة"}', '2026-07-11T08:24:07.530Z');
INSERT INTO governorates (id, data, updated_at) VALUES ('JO-BAL', '{"name":"البلقاء"}', '2026-07-11T08:24:07.530Z');
INSERT INTO governorates (id, data, updated_at) VALUES ('JO-IRB', '{"name":"إربد"}', '2026-07-11T08:24:07.530Z');
INSERT INTO governorates (id, data, updated_at) VALUES ('JO-JER', '{"name":"جرش"}', '2026-07-11T08:24:07.530Z');
INSERT INTO governorates (id, data, updated_at) VALUES ('JO-KAR', '{"name":"الكرك"}', '2026-07-11T08:24:07.530Z');
INSERT INTO governorates (id, data, updated_at) VALUES ('JO-MAD', '{"name":"مأدبا"}', '2026-07-11T08:24:07.530Z');
INSERT INTO governorates (id, data, updated_at) VALUES ('JO-MAF', '{"name":"المفرق"}', '2026-07-11T08:24:07.530Z');
INSERT INTO governorates (id, data, updated_at) VALUES ('JO-MAN', '{"name":"معان"}', '2026-07-11T08:24:07.530Z');
INSERT INTO governorates (id, data, updated_at) VALUES ('JO-TAF', '{"name":"الطفيلة"}', '2026-07-11T08:24:07.530Z');
INSERT INTO governorates (id, data, updated_at) VALUES ('JO-ZAR', '{"name":"الزرقاء"}', '2026-07-11T08:24:07.530Z');
INSERT INTO areas (id, governorate_id, data, updated_at) VALUES ('-OwZi53y_--t9oDWlrHn', 'JO-MAD', '{"governorateId":"JO-MAD","name":"حنينا"}', '2026-07-11T08:24:07.530Z');
INSERT INTO areas (id, governorate_id, data, updated_at) VALUES ('-OxA02Tl2165zhWKawSC', 'JO-BAL', '{"governorateId":"JO-BAL","name":"الصبيحي"}', '2026-07-11T08:24:07.530Z');
INSERT INTO areas (id, governorate_id, data, updated_at) VALUES ('-OxA045Q0gKOOcDXvlEM', 'JO-BAL', '{"governorateId":"JO-BAL","name":"السلالم"}', '2026-07-11T08:24:07.530Z');
INSERT INTO areas (id, governorate_id, data, updated_at) VALUES ('-OxA054BvZATZb1rRxIq', 'JO-BAL', '{"governorateId":"JO-BAL","name":"البحيره"}', '2026-07-11T08:24:07.530Z');
INSERT INTO areas (id, governorate_id, data, updated_at) VALUES ('-OxA06KVCqcoelckXjBU', 'JO-BAL', '{"governorateId":"JO-BAL","name":"البقعان"}', '2026-07-11T08:24:07.530Z');
INSERT INTO areas (id, governorate_id, data, updated_at) VALUES ('-OxA089NuHWZ-rqjylNL', 'JO-BAL', '{"governorateId":"JO-BAL","name":"إسكان المهندسين"}', '2026-07-11T08:24:07.530Z');
INSERT INTO areas (id, governorate_id, data, updated_at) VALUES ('-OxA09aQALEEsOLWS5SB', 'JO-BAL', '{"governorateId":"JO-BAL","name":"نقب الدبور"}', '2026-07-11T08:24:07.530Z');
INSERT INTO areas (id, governorate_id, data, updated_at) VALUES ('-OxA0Ak-Km7FvfZ6xW5m', 'JO-BAL', '{"governorateId":"JO-BAL","name":"السرو"}', '2026-07-11T08:24:07.530Z');
INSERT INTO areas (id, governorate_id, data, updated_at) VALUES ('-OxA0KVnTCWC5t846tIH', 'JO-BAL', '{"governorateId":"JO-BAL","name":"الخندق"}', '2026-07-11T08:24:07.530Z');
INSERT INTO areas (id, governorate_id, data, updated_at) VALUES ('-OxA0MCmbBgAABmD979I', 'JO-BAL', '{"governorateId":"JO-BAL","name":"واد الاكراد"}', '2026-07-11T08:24:07.530Z');
INSERT INTO areas (id, governorate_id, data, updated_at) VALUES ('-OxA0Oyzg0bYmbRH_yYA', 'JO-BAL', '{"governorateId":"JO-BAL","name":"المنشيه"}', '2026-07-11T08:24:07.530Z');
INSERT INTO areas (id, governorate_id, data, updated_at) VALUES ('-OxA0RiGhNjTH0616unP', 'JO-BAL', '{"governorateId":"JO-BAL","name":"جامعة البلقاء التطبيقية"}', '2026-07-11T08:24:07.530Z');
INSERT INTO areas (id, governorate_id, data, updated_at) VALUES ('-OxA0T0Ie8EsPBTedXsx', 'JO-BAL', '{"governorateId":"JO-BAL","name":"جامعة عمان الأهلية"}', '2026-07-11T08:24:07.530Z');
INSERT INTO areas (id, governorate_id, data, updated_at) VALUES ('-OxA0XKT6vh2VCo5x1wo', 'JO-BAL', '{"governorateId":"JO-BAL","name":"زي"}', '2026-07-11T08:24:07.530Z');
INSERT INTO areas (id, governorate_id, data, updated_at) VALUES ('-OxA0b1ZUkfLP8JboqnS', 'JO-BAL', '{"governorateId":"JO-BAL","name":"الفحيص"}', '2026-07-11T08:24:07.530Z');
INSERT INTO areas (id, governorate_id, data, updated_at) VALUES ('-OxA0ca_9pSQdEo6Ffrb', 'JO-BAL', '{"governorateId":"JO-BAL","name":"عين الباشا"}', '2026-07-11T08:24:07.530Z');
INSERT INTO areas (id, governorate_id, data, updated_at) VALUES ('-OxA0n7bIeRkQHqcYE-g', 'JO-BAL', '{"governorateId":"JO-BAL","name":"واد الشجرة"}', '2026-07-11T08:24:07.530Z');
INSERT INTO areas (id, governorate_id, data, updated_at) VALUES ('-OxA0p2NBA2yEKDRb7up', 'JO-BAL', '{"governorateId":"JO-BAL","name":"المغاريب"}', '2026-07-11T08:24:07.530Z');
INSERT INTO areas (id, governorate_id, data, updated_at) VALUES ('-OxA0wD0Je7OjWf8kig7', 'JO-BAL', '{"governorateId":"JO-BAL","name":"السلط وضواحيها"}', '2026-07-11T08:24:07.530Z');
INSERT INTO areas (id, governorate_id, data, updated_at) VALUES ('-OxA7aVIl6q7HCen4a5o', 'JO-MAD', '{"governorateId":"JO-MAD","name":"إم العمد"}', '2026-07-11T08:24:07.530Z');
INSERT INTO areas (id, governorate_id, data, updated_at) VALUES ('AJL-001', 'JO-AJL', '{"governorateId":"JO-AJL","name":"عجلون"}', '2026-07-11T08:24:07.530Z');
INSERT INTO areas (id, governorate_id, data, updated_at) VALUES ('AJL-002', 'JO-AJL', '{"governorateId":"JO-AJL","name":"عنجرة"}', '2026-07-11T08:24:07.530Z');
INSERT INTO areas (id, governorate_id, data, updated_at) VALUES ('AJL-003', 'JO-AJL', '{"governorateId":"JO-AJL","name":"كفرنجة"}', '2026-07-11T08:24:07.530Z');
INSERT INTO areas (id, governorate_id, data, updated_at) VALUES ('AJL-004', 'JO-AJL', '{"governorateId":"JO-AJL","name":"عبين"}', '2026-07-11T08:24:07.530Z');
INSERT INTO areas (id, governorate_id, data, updated_at) VALUES ('AJL-005', 'JO-AJL', '{"governorateId":"JO-AJL","name":"صخرة"}', '2026-07-11T08:24:07.530Z');
INSERT INTO areas (id, governorate_id, data, updated_at) VALUES ('AJL-006', 'JO-AJL', '{"governorateId":"JO-AJL","name":"راجب"}', '2026-07-11T08:24:07.530Z');
INSERT INTO areas (id, governorate_id, data, updated_at) VALUES ('AJL-007', 'JO-AJL', '{"governorateId":"JO-AJL","name":"الوهادنة"}', '2026-07-11T08:24:07.530Z');
INSERT INTO areas (id, governorate_id, data, updated_at) VALUES ('AJL-008', 'JO-AJL', '{"governorateId":"JO-AJL","name":"حي العين"}', '2026-07-11T08:24:07.530Z');
INSERT INTO areas (id, governorate_id, data, updated_at) VALUES ('AJL-009', 'JO-AJL', '{"governorateId":"JO-AJL","name":"حي الزيتون"}', '2026-07-11T08:24:07.530Z');
INSERT INTO areas (id, governorate_id, data, updated_at) VALUES ('AJL-010', 'JO-AJL', '{"governorateId":"JO-AJL","name":"حي الكرمل"}', '2026-07-11T08:24:07.530Z');
INSERT INTO areas (id, governorate_id, data, updated_at) VALUES ('AMM-001', 'JO-AMM', '{"governorateId":"JO-AMM","name":"العبدلي"}', '2026-07-11T08:24:07.530Z');
INSERT INTO areas (id, governorate_id, data, updated_at) VALUES ('AMM-002', 'JO-AMM', '{"governorateId":"JO-AMM","name":"رأس العين"}', '2026-07-11T08:24:07.530Z');
INSERT INTO areas (id, governorate_id, data, updated_at) VALUES ('AMM-003', 'JO-AMM', '{"governorateId":"JO-AMM","name":"المدينة"}', '2026-07-11T08:24:07.530Z');
INSERT INTO areas (id, governorate_id, data, updated_at) VALUES ('AMM-004', 'JO-AMM', '{"governorateId":"JO-AMM","name":"زهران"}', '2026-07-11T08:24:07.530Z');
INSERT INTO areas (id, governorate_id, data, updated_at) VALUES ('AMM-005', 'JO-AMM', '{"governorateId":"JO-AMM","name":"اليرموك"}', '2026-07-11T08:24:07.530Z');
INSERT INTO areas (id, governorate_id, data, updated_at) VALUES ('AMM-006', 'JO-AMM', '{"governorateId":"JO-AMM","name":"بدر"}', '2026-07-11T08:24:07.530Z');
INSERT INTO areas (id, governorate_id, data, updated_at) VALUES ('AMM-007', 'JO-AMM', '{"governorateId":"JO-AMM","name":"ماركا"}', '2026-07-11T08:24:07.530Z');
INSERT INTO areas (id, governorate_id, data, updated_at) VALUES ('AMM-008', 'JO-AMM', '{"governorateId":"JO-AMM","name":"النصر"}', '2026-07-11T08:24:07.530Z');
INSERT INTO areas (id, governorate_id, data, updated_at) VALUES ('AMM-009', 'JO-AMM', '{"governorateId":"JO-AMM","name":"طارق"}', '2026-07-11T08:24:07.530Z');
INSERT INTO areas (id, governorate_id, data, updated_at) VALUES ('AMM-010', 'JO-AMM', '{"governorateId":"JO-AMM","name":"بسمان"}', '2026-07-11T08:24:07.530Z');
INSERT INTO areas (id, governorate_id, data, updated_at) VALUES ('AMM-011', 'JO-AMM', '{"governorateId":"JO-AMM","name":"القويسمة"}', '2026-07-11T08:24:07.530Z');
INSERT INTO areas (id, governorate_id, data, updated_at) VALUES ('AMM-012', 'JO-AMM', '{"governorateId":"JO-AMM","name":"الجويدة"}', '2026-07-11T08:24:07.530Z');
INSERT INTO areas (id, governorate_id, data, updated_at) VALUES ('AMM-013', 'JO-AMM', '{"governorateId":"JO-AMM","name":"أبو علندا"}', '2026-07-11T08:24:07.530Z');
INSERT INTO areas (id, governorate_id, data, updated_at) VALUES ('AMM-014', 'JO-AMM', '{"governorateId":"JO-AMM","name":"الرجيب"}', '2026-07-11T08:24:07.530Z');
INSERT INTO areas (id, governorate_id, data, updated_at) VALUES ('AMM-015', 'JO-AMM', '{"governorateId":"JO-AMM","name":"خريبة السوق"}', '2026-07-11T08:24:07.530Z');
INSERT INTO areas (id, governorate_id, data, updated_at) VALUES ('AMM-016', 'JO-AMM', '{"governorateId":"JO-AMM","name":"جاوا"}', '2026-07-11T08:24:07.530Z');
INSERT INTO areas (id, governorate_id, data, updated_at) VALUES ('AMM-017', 'JO-AMM', '{"governorateId":"JO-AMM","name":"اليادودة"}', '2026-07-11T08:24:07.530Z');
INSERT INTO areas (id, governorate_id, data, updated_at) VALUES ('AMM-018', 'JO-AMM', '{"governorateId":"JO-AMM","name":"أم قصير"}', '2026-07-11T08:24:07.530Z');
INSERT INTO areas (id, governorate_id, data, updated_at) VALUES ('AMM-019', 'JO-AMM', '{"governorateId":"JO-AMM","name":"المقابلين"}', '2026-07-11T08:24:07.530Z');
INSERT INTO areas (id, governorate_id, data, updated_at) VALUES ('AMM-020', 'JO-AMM', '{"governorateId":"JO-AMM","name":"الجبيهة"}', '2026-07-11T08:24:07.530Z');
INSERT INTO areas (id, governorate_id, data, updated_at) VALUES ('AMM-021', 'JO-AMM', '{"governorateId":"JO-AMM","name":"صويلح"}', '2026-07-11T08:24:07.530Z');
INSERT INTO areas (id, governorate_id, data, updated_at) VALUES ('AMM-022', 'JO-AMM', '{"governorateId":"JO-AMM","name":"تلاع العلي"}', '2026-07-11T08:24:07.530Z');
INSERT INTO areas (id, governorate_id, data, updated_at) VALUES ('AMM-023', 'JO-AMM', '{"governorateId":"JO-AMM","name":"خلدا"}', '2026-07-11T08:24:07.530Z');
INSERT INTO areas (id, governorate_id, data, updated_at) VALUES ('AMM-024', 'JO-AMM', '{"governorateId":"JO-AMM","name":"أم السماق"}', '2026-07-11T08:24:07.530Z');
INSERT INTO areas (id, governorate_id, data, updated_at) VALUES ('AMM-025', 'JO-AMM', '{"governorateId":"JO-AMM","name":"أبو نصير"}', '2026-07-11T08:24:07.530Z');
INSERT INTO areas (id, governorate_id, data, updated_at) VALUES ('AMM-026', 'JO-AMM', '{"governorateId":"JO-AMM","name":"شفا بدران"}', '2026-07-11T08:24:07.530Z');
INSERT INTO areas (id, governorate_id, data, updated_at) VALUES ('AMM-027', 'JO-AMM', '{"governorateId":"JO-AMM","name":"الكمالية"}', '2026-07-11T08:24:07.530Z');
INSERT INTO areas (id, governorate_id, data, updated_at) VALUES ('AMM-028', 'JO-AMM', '{"governorateId":"JO-AMM","name":"وادي السير"}', '2026-07-11T08:24:07.530Z');
INSERT INTO areas (id, governorate_id, data, updated_at) VALUES ('AMM-029', 'JO-AMM', '{"governorateId":"JO-AMM","name":"بدر الجديدة"}', '2026-07-11T08:24:07.530Z');
INSERT INTO areas (id, governorate_id, data, updated_at) VALUES ('AMM-030', 'JO-AMM', '{"governorateId":"JO-AMM","name":"مرج الحمام"}', '2026-07-11T08:24:07.530Z');
INSERT INTO areas (id, governorate_id, data, updated_at) VALUES ('AMM-031', 'JO-AMM', '{"governorateId":"JO-AMM","name":"البصة"}', '2026-07-11T08:24:07.530Z');
INSERT INTO areas (id, governorate_id, data, updated_at) VALUES ('AMM-032', 'JO-AMM', '{"governorateId":"JO-AMM","name":"عراق الأمير"}', '2026-07-11T08:24:07.530Z');
INSERT INTO areas (id, governorate_id, data, updated_at) VALUES ('AMM-033', 'JO-AMM', '{"governorateId":"JO-AMM","name":"أبو السوس"}', '2026-07-11T08:24:07.530Z');
INSERT INTO areas (id, governorate_id, data, updated_at) VALUES ('AMM-034', 'JO-AMM', '{"governorateId":"JO-AMM","name":"البحاث"}', '2026-07-11T08:24:07.530Z');
INSERT INTO areas (id, governorate_id, data, updated_at) VALUES ('AMM-035', 'JO-AMM', '{"governorateId":"JO-AMM","name":"الألمانية"}', '2026-07-11T08:24:07.530Z');
INSERT INTO areas (id, governorate_id, data, updated_at) VALUES ('AMM-036', 'JO-AMM', '{"governorateId":"JO-AMM","name":"القصبات"}', '2026-07-11T08:24:07.530Z');
INSERT INTO areas (id, governorate_id, data, updated_at) VALUES ('AMM-037', 'JO-AMM', '{"governorateId":"JO-AMM","name":"الرجاحة"}', '2026-07-11T08:24:07.530Z');
INSERT INTO areas (id, governorate_id, data, updated_at) VALUES ('AMM-038', 'JO-AMM', '{"governorateId":"JO-AMM","name":"الثغرة"}', '2026-07-11T08:24:07.530Z');
INSERT INTO areas (id, governorate_id, data, updated_at) VALUES ('AMM-039', 'JO-AMM', '{"governorateId":"JO-AMM","name":"الحامدية"}', '2026-07-11T08:24:07.530Z');
INSERT INTO areas (id, governorate_id, data, updated_at) VALUES ('AMM-040', 'JO-AMM', '{"governorateId":"JO-AMM","name":"وادي الشتا"}', '2026-07-11T08:24:07.530Z');
INSERT INTO areas (id, governorate_id, data, updated_at) VALUES ('AMM-041', 'JO-AMM', '{"governorateId":"JO-AMM","name":"الطبقة"}', '2026-07-11T08:24:07.530Z');
INSERT INTO areas (id, governorate_id, data, updated_at) VALUES ('AMM-042', 'JO-AMM', '{"governorateId":"JO-AMM","name":"الدبة"}', '2026-07-11T08:24:07.530Z');
INSERT INTO areas (id, governorate_id, data, updated_at) VALUES ('AMM-043', 'JO-AMM', '{"governorateId":"JO-AMM","name":"أم نجاصة"}', '2026-07-11T08:24:07.530Z');
INSERT INTO areas (id, governorate_id, data, updated_at) VALUES ('AMM-044', 'JO-AMM', '{"governorateId":"JO-AMM","name":"سحاب"}', '2026-07-11T08:24:07.530Z');
INSERT INTO areas (id, governorate_id, data, updated_at) VALUES ('AMM-045', 'JO-AMM', '{"governorateId":"JO-AMM","name":"العبدلية"}', '2026-07-11T08:24:07.530Z');
INSERT INTO areas (id, governorate_id, data, updated_at) VALUES ('AMM-046', 'JO-AMM', '{"governorateId":"JO-AMM","name":"زملة العليا"}', '2026-07-11T08:24:07.530Z');
INSERT INTO areas (id, governorate_id, data, updated_at) VALUES ('AMM-047', 'JO-AMM', '{"governorateId":"JO-AMM","name":"الخشافية الشمالية"}', '2026-07-11T08:24:07.530Z');
INSERT INTO areas (id, governorate_id, data, updated_at) VALUES ('AMM-048', 'JO-AMM', '{"governorateId":"JO-AMM","name":"الخشافية الجنوبية"}', '2026-07-11T08:24:07.530Z');
INSERT INTO areas (id, governorate_id, data, updated_at) VALUES ('AMM-049', 'JO-AMM', '{"governorateId":"JO-AMM","name":"المناخر"}', '2026-07-11T08:24:07.530Z');
INSERT INTO areas (id, governorate_id, data, updated_at) VALUES ('AMM-050', 'JO-AMM', '{"governorateId":"JO-AMM","name":"قعفور"}', '2026-07-11T08:24:07.530Z');
INSERT INTO areas (id, governorate_id, data, updated_at) VALUES ('AMM-051', 'JO-AMM', '{"governorateId":"JO-AMM","name":"الجيزة"}', '2026-07-11T08:24:07.530Z');
INSERT INTO areas (id, governorate_id, data, updated_at) VALUES ('AMM-052', 'JO-AMM', '{"governorateId":"JO-AMM","name":"أم العمد"}', '2026-07-11T08:24:07.530Z');
INSERT INTO areas (id, governorate_id, data, updated_at) VALUES ('AMM-053', 'JO-AMM', '{"governorateId":"JO-AMM","name":"نتل"}', '2026-07-11T08:24:07.530Z');
INSERT INTO areas (id, governorate_id, data, updated_at) VALUES ('AMM-054', 'JO-AMM', '{"governorateId":"JO-AMM","name":"اللبن"}', '2026-07-11T08:24:07.530Z');
INSERT INTO areas (id, governorate_id, data, updated_at) VALUES ('AMM-055', 'JO-AMM', '{"governorateId":"JO-AMM","name":"القسطل"}', '2026-07-11T08:24:07.530Z');
INSERT INTO areas (id, governorate_id, data, updated_at) VALUES ('AMM-056', 'JO-AMM', '{"governorateId":"JO-AMM","name":"منجا"}', '2026-07-11T08:24:07.530Z');
INSERT INTO areas (id, governorate_id, data, updated_at) VALUES ('AMM-057', 'JO-AMM', '{"governorateId":"JO-AMM","name":"أم الوليد"}', '2026-07-11T08:24:07.530Z');
INSERT INTO areas (id, governorate_id, data, updated_at) VALUES ('AMM-058', 'JO-AMM', '{"governorateId":"JO-AMM","name":"حوارة"}', '2026-07-11T08:24:07.530Z');
INSERT INTO areas (id, governorate_id, data, updated_at) VALUES ('AMM-059', 'JO-AMM', '{"governorateId":"JO-AMM","name":"أرينبه الغربي"}', '2026-07-11T08:24:07.530Z');
INSERT INTO areas (id, governorate_id, data, updated_at) VALUES ('AMM-060', 'JO-AMM', '{"governorateId":"JO-AMM","name":"العامرية"}', '2026-07-11T08:24:07.530Z');
INSERT INTO areas (id, governorate_id, data, updated_at) VALUES ('AMM-061', 'JO-AMM', '{"governorateId":"JO-AMM","name":"جلول"}', '2026-07-11T08:24:07.530Z');
INSERT INTO areas (id, governorate_id, data, updated_at) VALUES ('AMM-062', 'JO-AMM', '{"governorateId":"JO-AMM","name":"الطنيب"}', '2026-07-11T08:24:07.530Z');
INSERT INTO areas (id, governorate_id, data, updated_at) VALUES ('AMM-063', 'JO-AMM', '{"governorateId":"JO-AMM","name":"المنارة"}', '2026-07-11T08:24:07.530Z');
INSERT INTO areas (id, governorate_id, data, updated_at) VALUES ('AMM-064', 'JO-AMM', '{"governorateId":"JO-AMM","name":"الخضراء"}', '2026-07-11T08:24:07.530Z');
INSERT INTO areas (id, governorate_id, data, updated_at) VALUES ('AMM-065', 'JO-AMM', '{"governorateId":"JO-AMM","name":"الزيتونة"}', '2026-07-11T08:24:07.530Z');
INSERT INTO areas (id, governorate_id, data, updated_at) VALUES ('AMM-066', 'JO-AMM', '{"governorateId":"JO-AMM","name":"أرينبه الشرقية"}', '2026-07-11T08:24:07.530Z');
INSERT INTO areas (id, governorate_id, data, updated_at) VALUES ('AMM-067', 'JO-AMM', '{"governorateId":"JO-AMM","name":"الزعفران"}', '2026-07-11T08:24:07.530Z');
INSERT INTO areas (id, governorate_id, data, updated_at) VALUES ('AMM-068', 'JO-AMM', '{"governorateId":"JO-AMM","name":"صوفه"}', '2026-07-11T08:24:07.530Z');
INSERT INTO areas (id, governorate_id, data, updated_at) VALUES ('AMM-069', 'JO-AMM', '{"governorateId":"JO-AMM","name":"زيزيا"}', '2026-07-11T08:24:07.530Z');
INSERT INTO areas (id, governorate_id, data, updated_at) VALUES ('AMM-070', 'JO-AMM', '{"governorateId":"JO-AMM","name":"ضبعه"}', '2026-07-11T08:24:07.530Z');
INSERT INTO areas (id, governorate_id, data, updated_at) VALUES ('AMM-071', 'JO-AMM', '{"governorateId":"JO-AMM","name":"زينب"}', '2026-07-11T08:24:07.530Z');
INSERT INTO areas (id, governorate_id, data, updated_at) VALUES ('AMM-072', 'JO-AMM', '{"governorateId":"JO-AMM","name":"الدليلة"}', '2026-07-11T08:24:07.530Z');
INSERT INTO areas (id, governorate_id, data, updated_at) VALUES ('AMM-073', 'JO-AMM', '{"governorateId":"JO-AMM","name":"أم رمانة"}', '2026-07-11T08:24:07.530Z');
INSERT INTO areas (id, governorate_id, data, updated_at) VALUES ('AMM-074', 'JO-AMM', '{"governorateId":"JO-AMM","name":"الهربج"}', '2026-07-11T08:24:07.530Z');
INSERT INTO areas (id, governorate_id, data, updated_at) VALUES ('AMM-075', 'JO-AMM', '{"governorateId":"JO-AMM","name":"القنيطرة"}', '2026-07-11T08:24:07.530Z');
INSERT INTO areas (id, governorate_id, data, updated_at) VALUES ('AMM-076', 'JO-AMM', '{"governorateId":"JO-AMM","name":"العرين"}', '2026-07-11T08:24:07.530Z');
INSERT INTO areas (id, governorate_id, data, updated_at) VALUES ('AMM-077', 'JO-AMM', '{"governorateId":"JO-AMM","name":"الناصرية"}', '2026-07-11T08:24:07.530Z');
INSERT INTO areas (id, governorate_id, data, updated_at) VALUES ('AMM-078', 'JO-AMM', '{"governorateId":"JO-AMM","name":"ضبيعه"}', '2026-07-11T08:24:07.530Z');
INSERT INTO areas (id, governorate_id, data, updated_at) VALUES ('AMM-079', 'JO-AMM', '{"governorateId":"JO-AMM","name":"الزميله"}', '2026-07-11T08:24:07.530Z');
INSERT INTO areas (id, governorate_id, data, updated_at) VALUES ('AMM-080', 'JO-AMM', '{"governorateId":"JO-AMM","name":"المبروكة"}', '2026-07-11T08:24:07.530Z');
INSERT INTO areas (id, governorate_id, data, updated_at) VALUES ('AMM-081', 'JO-AMM', '{"governorateId":"JO-AMM","name":"الشهباء"}', '2026-07-11T08:24:07.530Z');
INSERT INTO areas (id, governorate_id, data, updated_at) VALUES ('AMM-082', 'JO-AMM', '{"governorateId":"JO-AMM","name":"الخالدية"}', '2026-07-11T08:24:07.530Z');
INSERT INTO areas (id, governorate_id, data, updated_at) VALUES ('AMM-083', 'JO-AMM', '{"governorateId":"JO-AMM","name":"الخريم"}', '2026-07-11T08:24:07.530Z');
INSERT INTO areas (id, governorate_id, data, updated_at) VALUES ('AMM-084', 'JO-AMM', '{"governorateId":"JO-AMM","name":"الغبية"}', '2026-07-11T08:24:07.530Z');
INSERT INTO areas (id, governorate_id, data, updated_at) VALUES ('AMM-085', 'JO-AMM', '{"governorateId":"JO-AMM","name":"منشية الجيزة"}', '2026-07-11T08:24:07.530Z');
INSERT INTO areas (id, governorate_id, data, updated_at) VALUES ('AMM-086', 'JO-AMM', '{"governorateId":"JO-AMM","name":"السيفية"}', '2026-07-11T08:24:07.530Z');
INSERT INTO areas (id, governorate_id, data, updated_at) VALUES ('AMM-087', 'JO-AMM', '{"governorateId":"JO-AMM","name":"الباسلية"}', '2026-07-11T08:24:07.530Z');
INSERT INTO areas (id, governorate_id, data, updated_at) VALUES ('AMM-088', 'JO-AMM', '{"governorateId":"JO-AMM","name":"الراشدية"}', '2026-07-11T08:24:07.530Z');
INSERT INTO areas (id, governorate_id, data, updated_at) VALUES ('AMM-089', 'JO-AMM', '{"governorateId":"JO-AMM","name":"الثمد"}', '2026-07-11T08:24:07.530Z');
INSERT INTO areas (id, governorate_id, data, updated_at) VALUES ('AMM-090', 'JO-AMM', '{"governorateId":"JO-AMM","name":"الصلاحية"}', '2026-07-11T08:24:07.530Z');
INSERT INTO areas (id, governorate_id, data, updated_at) VALUES ('AMM-091', 'JO-AMM', '{"governorateId":"JO-AMM","name":"الموقر"}', '2026-07-11T08:24:07.530Z');
INSERT INTO areas (id, governorate_id, data, updated_at) VALUES ('AMM-092', 'JO-AMM', '{"governorateId":"JO-AMM","name":"النقيرة"}', '2026-07-11T08:24:07.530Z');
INSERT INTO areas (id, governorate_id, data, updated_at) VALUES ('AMM-093', 'JO-AMM', '{"governorateId":"JO-AMM","name":"الفيصلية"}', '2026-07-11T08:24:07.530Z');
INSERT INTO areas (id, governorate_id, data, updated_at) VALUES ('AMM-094', 'JO-AMM', '{"governorateId":"JO-AMM","name":"مغاير مهنا"}', '2026-07-11T08:24:07.530Z');
INSERT INTO areas (id, governorate_id, data, updated_at) VALUES ('AMM-095', 'JO-AMM', '{"governorateId":"JO-AMM","name":"الذهيبة الشرقية"}', '2026-07-11T08:24:07.530Z');
INSERT INTO areas (id, governorate_id, data, updated_at) VALUES ('AMM-096', 'JO-AMM', '{"governorateId":"JO-AMM","name":"المشاش"}', '2026-07-11T08:24:07.530Z');
INSERT INTO areas (id, governorate_id, data, updated_at) VALUES ('AMM-097', 'JO-AMM', '{"governorateId":"JO-AMM","name":"المنشية"}', '2026-07-11T08:24:07.530Z');
INSERT INTO areas (id, governorate_id, data, updated_at) VALUES ('AMM-098', 'JO-AMM', '{"governorateId":"JO-AMM","name":"أم بطمة"}', '2026-07-11T08:24:07.530Z');
INSERT INTO areas (id, governorate_id, data, updated_at) VALUES ('AMM-099', 'JO-AMM', '{"governorateId":"JO-AMM","name":"الحاتمية"}', '2026-07-11T08:24:07.530Z');
INSERT INTO areas (id, governorate_id, data, updated_at) VALUES ('AMM-100', 'JO-AMM', '{"governorateId":"JO-AMM","name":"غزالة"}', '2026-07-11T08:24:07.530Z');
INSERT INTO areas (id, governorate_id, data, updated_at) VALUES ('AMM-101', 'JO-AMM', '{"governorateId":"JO-AMM","name":"السومرية"}', '2026-07-11T08:24:07.530Z');
INSERT INTO areas (id, governorate_id, data, updated_at) VALUES ('AMM-102', 'JO-AMM', '{"governorateId":"JO-AMM","name":"روضة السحين"}', '2026-07-11T08:24:07.530Z');
INSERT INTO areas (id, governorate_id, data, updated_at) VALUES ('AMM-103', 'JO-AMM', '{"governorateId":"JO-AMM","name":"الحنيفية"}', '2026-07-11T08:24:07.530Z');
INSERT INTO areas (id, governorate_id, data, updated_at) VALUES ('AMM-104', 'JO-AMM', '{"governorateId":"JO-AMM","name":"الفالج"}', '2026-07-11T08:24:07.530Z');
INSERT INTO areas (id, governorate_id, data, updated_at) VALUES ('AMM-105', 'JO-AMM', '{"governorateId":"JO-AMM","name":"الزميلات"}', '2026-07-11T08:24:07.530Z');
INSERT INTO areas (id, governorate_id, data, updated_at) VALUES ('AMM-106', 'JO-AMM', '{"governorateId":"JO-AMM","name":"المطبة"}', '2026-07-11T08:24:07.530Z');
INSERT INTO areas (id, governorate_id, data, updated_at) VALUES ('AMM-107', 'JO-AMM', '{"governorateId":"JO-AMM","name":"ناعور"}', '2026-07-11T08:24:07.530Z');
INSERT INTO areas (id, governorate_id, data, updated_at) VALUES ('AMM-108', 'JO-AMM', '{"governorateId":"JO-AMM","name":"العدسية"}', '2026-07-11T08:24:07.530Z');
INSERT INTO areas (id, governorate_id, data, updated_at) VALUES ('AMM-109', 'JO-AMM', '{"governorateId":"JO-AMM","name":"أم القطين"}', '2026-07-11T08:24:07.530Z');
INSERT INTO areas (id, governorate_id, data, updated_at) VALUES ('AMM-110', 'JO-AMM', '{"governorateId":"JO-AMM","name":"قرة تركي"}', '2026-07-11T08:24:07.530Z');
INSERT INTO areas (id, governorate_id, data, updated_at) VALUES ('AMM-111', 'JO-AMM', '{"governorateId":"JO-AMM","name":"أدبيان"}', '2026-07-11T08:24:07.530Z');
INSERT INTO areas (id, governorate_id, data, updated_at) VALUES ('AMM-112', 'JO-AMM', '{"governorateId":"JO-AMM","name":"المنصورة"}', '2026-07-11T08:24:07.530Z');
INSERT INTO areas (id, governorate_id, data, updated_at) VALUES ('AMM-113', 'JO-AMM', '{"governorateId":"JO-AMM","name":"البنيات"}', '2026-07-11T08:24:07.530Z');
INSERT INTO areas (id, governorate_id, data, updated_at) VALUES ('AMM-114', 'JO-AMM', '{"governorateId":"JO-AMM","name":"أم السماق"}', '2026-07-11T08:24:07.530Z');
INSERT INTO areas (id, governorate_id, data, updated_at) VALUES ('AMM-115', 'JO-AMM', '{"governorateId":"JO-AMM","name":"بصة ناعور"}', '2026-07-11T08:24:07.530Z');
INSERT INTO areas (id, governorate_id, data, updated_at) VALUES ('AMM-116', 'JO-AMM', '{"governorateId":"JO-AMM","name":"سيل حسبان"}', '2026-07-11T08:24:07.530Z');
INSERT INTO areas (id, governorate_id, data, updated_at) VALUES ('AMM-117', 'JO-AMM', '{"governorateId":"JO-AMM","name":"العالية"}', '2026-07-11T08:24:07.530Z');
INSERT INTO areas (id, governorate_id, data, updated_at) VALUES ('AMM-118', 'JO-AMM', '{"governorateId":"JO-AMM","name":"بلعاس"}', '2026-07-11T08:24:07.530Z');
INSERT INTO areas (id, governorate_id, data, updated_at) VALUES ('AMM-119', 'JO-AMM', '{"governorateId":"JO-AMM","name":"زبود"}', '2026-07-11T08:24:07.530Z');
INSERT INTO areas (id, governorate_id, data, updated_at) VALUES ('AMM-120', 'JO-AMM', '{"governorateId":"JO-AMM","name":"أبو نقله"}', '2026-07-11T08:24:07.530Z');
INSERT INTO areas (id, governorate_id, data, updated_at) VALUES ('AMM-121', 'JO-AMM', '{"governorateId":"JO-AMM","name":"رجم الشامي الغربي"}', '2026-07-11T08:24:07.530Z');
INSERT INTO areas (id, governorate_id, data, updated_at) VALUES ('AMM-122', 'JO-AMM', '{"governorateId":"JO-AMM","name":"سالم"}', '2026-07-11T08:24:07.530Z');
INSERT INTO areas (id, governorate_id, data, updated_at) VALUES ('AMM-123', 'JO-AMM', '{"governorateId":"JO-AMM","name":"الهاشمية"}', '2026-07-11T08:24:07.530Z');
INSERT INTO areas (id, governorate_id, data, updated_at) VALUES ('AMM-124', 'JO-AMM', '{"governorateId":"JO-AMM","name":"رجم الشامي الشرقي"}', '2026-07-11T08:24:07.530Z');
INSERT INTO areas (id, governorate_id, data, updated_at) VALUES ('AMM-125', 'JO-AMM', '{"governorateId":"JO-AMM","name":"الذهيبة الغربية"}', '2026-07-11T08:24:07.530Z');
INSERT INTO areas (id, governorate_id, data, updated_at) VALUES ('AMM-126', 'JO-AMM', '{"governorateId":"JO-AMM","name":"الكتيفة"}', '2026-07-11T08:24:07.530Z');
INSERT INTO areas (id, governorate_id, data, updated_at) VALUES ('AMM-127', 'JO-AMM', '{"governorateId":"JO-AMM","name":"اللسين"}', '2026-07-11T08:24:07.530Z');
INSERT INTO areas (id, governorate_id, data, updated_at) VALUES ('AMM-128', 'JO-AMM', '{"governorateId":"JO-AMM","name":"الماجدية"}', '2026-07-11T08:24:07.530Z');
INSERT INTO areas (id, governorate_id, data, updated_at) VALUES ('AMM-129', 'JO-AMM', '{"governorateId":"JO-AMM","name":"الرابية"}', '2026-07-11T08:24:07.530Z');
INSERT INTO areas (id, governorate_id, data, updated_at) VALUES ('AMM-130', 'JO-AMM', '{"governorateId":"JO-AMM","name":"أم الرصاص"}', '2026-07-11T08:24:07.530Z');
INSERT INTO areas (id, governorate_id, data, updated_at) VALUES ('AMM-131', 'JO-AMM', '{"governorateId":"JO-AMM","name":"الرامة"}', '2026-07-11T08:24:07.530Z');
INSERT INTO areas (id, governorate_id, data, updated_at) VALUES ('AMM-132', 'JO-AMM', '{"governorateId":"JO-AMM","name":"الرميل"}', '2026-07-11T08:24:07.530Z');
INSERT INTO areas (id, governorate_id, data, updated_at) VALUES ('AMM-133', 'JO-AMM', '{"governorateId":"JO-AMM","name":"طور الحشاش"}', '2026-07-11T08:24:07.530Z');
INSERT INTO areas (id, governorate_id, data, updated_at) VALUES ('AMM-134', 'JO-AMM', '{"governorateId":"JO-AMM","name":"سالية"}', '2026-07-11T08:24:07.530Z');
INSERT INTO areas (id, governorate_id, data, updated_at) VALUES ('AMM-135', 'JO-AMM', '{"governorateId":"JO-AMM","name":"سواقة"}', '2026-07-11T08:24:07.530Z');
INSERT INTO areas (id, governorate_id, data, updated_at) VALUES ('AMM-136', 'JO-AMM', '{"governorateId":"JO-AMM","name":"الدامخي"}', '2026-07-11T08:24:07.530Z');
INSERT INTO areas (id, governorate_id, data, updated_at) VALUES ('AMM-137', 'JO-AMM', '{"governorateId":"JO-AMM","name":"الياهون"}', '2026-07-11T08:24:07.530Z');
INSERT INTO areas (id, governorate_id, data, updated_at) VALUES ('AMM-138', 'JO-AMM', '{"governorateId":"JO-AMM","name":"عليان"}', '2026-07-11T08:24:07.530Z');
INSERT INTO areas (id, governorate_id, data, updated_at) VALUES ('AMM-139', 'JO-AMM', '{"governorateId":"JO-AMM","name":"رجم عقاب"}', '2026-07-11T08:24:07.530Z');
INSERT INTO areas (id, governorate_id, data, updated_at) VALUES ('AMM-140', 'JO-AMM', '{"governorateId":"JO-AMM","name":"جميل"}', '2026-07-11T08:24:07.530Z');
INSERT INTO areas (id, governorate_id, data, updated_at) VALUES ('AMM-141', 'JO-AMM', '{"governorateId":"JO-AMM","name":"الثريا"}', '2026-07-11T08:24:07.530Z');
INSERT INTO areas (id, governorate_id, data, updated_at) VALUES ('AMM-142', 'JO-AMM', '{"governorateId":"JO-AMM","name":"المشيرفة"}', '2026-07-11T08:24:07.530Z');
INSERT INTO areas (id, governorate_id, data, updated_at) VALUES ('AMM-143', 'JO-AMM', '{"governorateId":"JO-AMM","name":"رجم فهيد"}', '2026-07-11T08:24:07.530Z');
INSERT INTO areas (id, governorate_id, data, updated_at) VALUES ('AMM-144', 'JO-AMM', '{"governorateId":"JO-AMM","name":"أبو الحصانيا"}', '2026-07-11T08:24:07.530Z');
INSERT INTO areas (id, governorate_id, data, updated_at) VALUES ('AMM-145', 'JO-AMM', '{"governorateId":"JO-AMM","name":"أبو حليليفة"}', '2026-07-11T08:24:07.530Z');
INSERT INTO areas (id, governorate_id, data, updated_at) VALUES ('AMM-146', 'JO-AMM', '{"governorateId":"JO-AMM","name":"الندوة"}', '2026-07-11T08:24:07.530Z');
INSERT INTO areas (id, governorate_id, data, updated_at) VALUES ('AMM-147', 'JO-AMM', '{"governorateId":"JO-AMM","name":"المصيطة"}', '2026-07-11T08:24:07.530Z');
INSERT INTO areas (id, governorate_id, data, updated_at) VALUES ('AMM-148', 'JO-AMM', '{"governorateId":"JO-AMM","name":"النهضة"}', '2026-07-11T08:24:07.530Z');
INSERT INTO areas (id, governorate_id, data, updated_at) VALUES ('AMM-149', 'JO-AMM', '{"governorateId":"JO-AMM","name":"أم البساتين"}', '2026-07-11T08:24:07.530Z');
INSERT INTO areas (id, governorate_id, data, updated_at) VALUES ('AMM-150', 'JO-AMM', '{"governorateId":"JO-AMM","name":"السامك"}', '2026-07-11T08:24:07.530Z');
INSERT INTO areas (id, governorate_id, data, updated_at) VALUES ('AMM-151', 'JO-AMM', '{"governorateId":"JO-AMM","name":"أم العساكر"}', '2026-07-11T08:24:07.530Z');
INSERT INTO areas (id, governorate_id, data, updated_at) VALUES ('AMM-152', 'JO-AMM', '{"governorateId":"JO-AMM","name":"أم الكندم"}', '2026-07-11T08:24:07.530Z');
INSERT INTO areas (id, governorate_id, data, updated_at) VALUES ('AMM-153', 'JO-AMM', '{"governorateId":"JO-AMM","name":"أم البرك"}', '2026-07-11T08:24:07.530Z');
INSERT INTO areas (id, governorate_id, data, updated_at) VALUES ('AMM-154', 'JO-AMM', '{"governorateId":"JO-AMM","name":"ماسوح"}', '2026-07-11T08:24:07.530Z');
INSERT INTO areas (id, governorate_id, data, updated_at) VALUES ('AMM-155', 'JO-AMM', '{"governorateId":"JO-AMM","name":"حسبان"}', '2026-07-11T08:24:07.530Z');
INSERT INTO areas (id, governorate_id, data, updated_at) VALUES ('AMM-156', 'JO-AMM', '{"governorateId":"JO-AMM","name":"سبان"}', '2026-07-11T08:24:07.530Z');
INSERT INTO areas (id, governorate_id, data, updated_at) VALUES ('AMM-157', 'JO-AMM', '{"governorateId":"JO-AMM","name":"المشقر"}', '2026-07-11T08:24:07.530Z');
INSERT INTO areas (id, governorate_id, data, updated_at) VALUES ('AMM-158', 'JO-AMM', '{"governorateId":"JO-AMM","name":"الروضة"}', '2026-07-11T08:24:07.530Z');
INSERT INTO areas (id, governorate_id, data, updated_at) VALUES ('AMM-159', 'JO-AMM', '{"governorateId":"JO-AMM","name":"عال"}', '2026-07-11T08:24:07.530Z');
INSERT INTO areas (id, governorate_id, data, updated_at) VALUES ('AMM-160', 'JO-AMM', '{"governorateId":"JO-AMM","name":"أم أذينة"}', '2026-07-11T08:24:07.530Z');
INSERT INTO areas (id, governorate_id, data, updated_at) VALUES ('AMM-161', 'JO-AMM', '{"governorateId":"JO-AMM","name":"الذراع الغربي"}', '2026-07-11T08:24:07.530Z');
INSERT INTO areas (id, governorate_id, data, updated_at) VALUES ('AMM-162', 'JO-AMM', '{"governorateId":"JO-AMM","name":"المحطة"}', '2026-07-11T08:24:07.530Z');
INSERT INTO areas (id, governorate_id, data, updated_at) VALUES ('AMM-163', 'JO-AMM', '{"governorateId":"JO-AMM","name":"الهاشمي الشمالي"}', '2026-07-11T08:24:07.530Z');
INSERT INTO areas (id, governorate_id, data, updated_at) VALUES ('AMM-164', 'JO-AMM', '{"governorateId":"JO-AMM","name":"بيادر وادي السير"}', '2026-07-11T08:24:07.530Z');
INSERT INTO areas (id, governorate_id, data, updated_at) VALUES ('AMM-165', 'JO-AMM', '{"governorateId":"JO-AMM","name":"جبل الأشرفية"}', '2026-07-11T08:24:07.530Z');
INSERT INTO areas (id, governorate_id, data, updated_at) VALUES ('AMM-166', 'JO-AMM', '{"governorateId":"JO-AMM","name":"جبل التاج"}', '2026-07-11T08:24:07.530Z');
INSERT INTO areas (id, governorate_id, data, updated_at) VALUES ('AMM-167', 'JO-AMM', '{"governorateId":"JO-AMM","name":"جبل الجوفة"}', '2026-07-11T08:24:07.530Z');
INSERT INTO areas (id, governorate_id, data, updated_at) VALUES ('AMM-168', 'JO-AMM', '{"governorateId":"JO-AMM","name":"جبل الحسين"}', '2026-07-11T08:24:07.530Z');
INSERT INTO areas (id, governorate_id, data, updated_at) VALUES ('AMM-169', 'JO-AMM', '{"governorateId":"JO-AMM","name":"جبل القصور"}', '2026-07-11T08:24:07.530Z');
INSERT INTO areas (id, governorate_id, data, updated_at) VALUES ('AMM-170', 'JO-AMM', '{"governorateId":"JO-AMM","name":"جبل اللويبدة"}', '2026-07-11T08:24:07.530Z');
INSERT INTO areas (id, governorate_id, data, updated_at) VALUES ('AMM-171', 'JO-AMM', '{"governorateId":"JO-AMM","name":"جبل المريخ"}', '2026-07-11T08:24:07.530Z');
INSERT INTO areas (id, governorate_id, data, updated_at) VALUES ('AMM-172', 'JO-AMM', '{"governorateId":"JO-AMM","name":"جبل النزهة"}', '2026-07-11T08:24:07.530Z');
INSERT INTO areas (id, governorate_id, data, updated_at) VALUES ('AMM-173', 'JO-AMM', '{"governorateId":"JO-AMM","name":"جبل النظيف"}', '2026-07-11T08:24:07.530Z');
INSERT INTO areas (id, governorate_id, data, updated_at) VALUES ('AMM-174', 'JO-AMM', '{"governorateId":"JO-AMM","name":"جبل عمان"}', '2026-07-11T08:24:07.530Z');
INSERT INTO areas (id, governorate_id, data, updated_at) VALUES ('AMM-175', 'JO-AMM', '{"governorateId":"JO-AMM","name":"حي الرابية"}', '2026-07-11T08:24:07.530Z');
INSERT INTO areas (id, governorate_id, data, updated_at) VALUES ('AMM-176', 'JO-AMM', '{"governorateId":"JO-AMM","name":"حي الطفايلة"}', '2026-07-11T08:24:07.530Z');
INSERT INTO areas (id, governorate_id, data, updated_at) VALUES ('AMM-177', 'JO-AMM', '{"governorateId":"JO-AMM","name":"حي المزارع"}', '2026-07-11T08:24:07.530Z');
INSERT INTO areas (id, governorate_id, data, updated_at) VALUES ('AMM-178', 'JO-AMM', '{"governorateId":"JO-AMM","name":"حي غمدان"}', '2026-07-11T08:24:07.530Z');
INSERT INTO areas (id, governorate_id, data, updated_at) VALUES ('AMM-179', 'JO-AMM', '{"governorateId":"JO-AMM","name":"حي نزال"}', '2026-07-11T08:24:07.530Z');
INSERT INTO areas (id, governorate_id, data, updated_at) VALUES ('AMM-180', 'JO-AMM', '{"governorateId":"JO-AMM","name":"ضاحية النخيل"}', '2026-07-11T08:24:07.530Z');
INSERT INTO areas (id, governorate_id, data, updated_at) VALUES ('AMM-181', 'JO-AMM', '{"governorateId":"JO-AMM","name":"ضاحية الياسمين"}', '2026-07-11T08:24:07.530Z');
INSERT INTO areas (id, governorate_id, data, updated_at) VALUES ('AMM-182', 'JO-AMM', '{"governorateId":"JO-AMM","name":"طبربور"}', '2026-07-11T08:24:07.530Z');
INSERT INTO areas (id, governorate_id, data, updated_at) VALUES ('AMM-183', 'JO-AMM', '{"governorateId":"JO-AMM","name":"عبدون"}', '2026-07-11T08:24:07.530Z');
INSERT INTO areas (id, governorate_id, data, updated_at) VALUES ('AMM-184', 'JO-AMM', '{"governorateId":"JO-AMM","name":"عمان الشرقية"}', '2026-07-11T08:24:07.530Z');
INSERT INTO areas (id, governorate_id, data, updated_at) VALUES ('AMM-185', 'JO-AMM', '{"governorateId":"JO-AMM","name":"عمان الغربية"}', '2026-07-11T08:24:07.530Z');
INSERT INTO areas (id, governorate_id, data, updated_at) VALUES ('AMM-186', 'JO-AMM', '{"governorateId":"JO-AMM","name":"الشميساني"}', '2026-07-11T08:24:07.530Z');
INSERT INTO areas (id, governorate_id, data, updated_at) VALUES ('AMM-187', 'JO-AMM', '{"governorateId":"JO-AMM","name":"الصويفية"}', '2026-07-11T08:24:07.530Z');
INSERT INTO areas (id, governorate_id, data, updated_at) VALUES ('AMM-188', 'JO-AMM', '{"governorateId":"JO-AMM","name":"دابوق"}', '2026-07-11T08:24:07.530Z');
INSERT INTO areas (id, governorate_id, data, updated_at) VALUES ('AQA-001', 'JO-AQA', '{"governorateId":"JO-AQA","name":"العقبة"}', '2026-07-11T08:24:07.530Z');
INSERT INTO areas (id, governorate_id, data, updated_at) VALUES ('AQA-002', 'JO-AQA', '{"governorateId":"JO-AQA","name":"وادي عربة"}', '2026-07-11T08:24:07.530Z');
INSERT INTO areas (id, governorate_id, data, updated_at) VALUES ('AQA-003', 'JO-AQA', '{"governorateId":"JO-AQA","name":"القويرة"}', '2026-07-11T08:24:07.530Z');
INSERT INTO areas (id, governorate_id, data, updated_at) VALUES ('AQA-004', 'JO-AQA', '{"governorateId":"JO-AQA","name":"الرأس"}', '2026-07-11T08:24:07.530Z');
INSERT INTO areas (id, governorate_id, data, updated_at) VALUES ('AQA-005', 'JO-AQA', '{"governorateId":"JO-AQA","name":"الشيخ حماد"}', '2026-07-11T08:24:07.530Z');
INSERT INTO areas (id, governorate_id, data, updated_at) VALUES ('AQA-006', 'JO-AQA', '{"governorateId":"JO-AQA","name":"حي الأمل"}', '2026-07-11T08:24:07.530Z');
INSERT INTO areas (id, governorate_id, data, updated_at) VALUES ('AQA-007', 'JO-AQA', '{"governorateId":"JO-AQA","name":"حي النزهة"}', '2026-07-11T08:24:07.530Z');
INSERT INTO areas (id, governorate_id, data, updated_at) VALUES ('AQA-008', 'JO-AQA', '{"governorateId":"JO-AQA","name":"حي الشاطئ"}', '2026-07-11T08:24:07.530Z');
INSERT INTO areas (id, governorate_id, data, updated_at) VALUES ('AQA-009', 'JO-AQA', '{"governorateId":"JO-AQA","name":"حي النخيل"}', '2026-07-11T08:24:07.530Z');
INSERT INTO areas (id, governorate_id, data, updated_at) VALUES ('BAL-001', 'JO-BAL', '{"governorateId":"JO-BAL","name":"السلط"}', '2026-07-11T08:24:07.530Z');
INSERT INTO areas (id, governorate_id, data, updated_at) VALUES ('BAL-002', 'JO-BAL', '{"governorateId":"JO-BAL","name":"الشونة الجنوبية"}', '2026-07-11T08:24:07.530Z');
INSERT INTO areas (id, governorate_id, data, updated_at) VALUES ('BAL-003', 'JO-BAL', '{"governorateId":"JO-BAL","name":"دير علا"}', '2026-07-11T08:24:07.530Z');
INSERT INTO areas (id, governorate_id, data, updated_at) VALUES ('BAL-004', 'JO-BAL', '{"governorateId":"JO-BAL","name":"الأغوار الشمالية"}', '2026-07-11T08:24:07.530Z');
INSERT INTO areas (id, governorate_id, data, updated_at) VALUES ('BAL-005', 'JO-BAL', '{"governorateId":"JO-BAL","name":"فحص"}', '2026-07-11T08:24:07.530Z');
INSERT INTO areas (id, governorate_id, data, updated_at) VALUES ('BAL-006', 'JO-BAL', '{"governorateId":"JO-BAL","name":"الروضة"}', '2026-07-11T08:24:07.530Z');
INSERT INTO areas (id, governorate_id, data, updated_at) VALUES ('BAL-007', 'JO-BAL', '{"governorateId":"JO-BAL","name":"الرامة"}', '2026-07-11T08:24:07.530Z');
INSERT INTO areas (id, governorate_id, data, updated_at) VALUES ('BAL-008', 'JO-BAL', '{"governorateId":"JO-BAL","name":"الزي"}', '2026-07-11T08:24:07.530Z');
INSERT INTO areas (id, governorate_id, data, updated_at) VALUES ('BAL-009', 'JO-BAL', '{"governorateId":"JO-BAL","name":"يعبد"}', '2026-07-11T08:24:07.530Z');
INSERT INTO areas (id, governorate_id, data, updated_at) VALUES ('BAL-010', 'JO-BAL', '{"governorateId":"JO-BAL","name":"حي السلط الجديدة"}', '2026-07-11T08:24:07.530Z');
INSERT INTO areas (id, governorate_id, data, updated_at) VALUES ('BAL-011', 'JO-BAL', '{"governorateId":"JO-BAL","name":"حي العارضة"}', '2026-07-11T08:24:07.530Z');
INSERT INTO areas (id, governorate_id, data, updated_at) VALUES ('BAL-012', 'JO-BAL', '{"governorateId":"JO-BAL","name":"حي الخضر"}', '2026-07-11T08:24:07.530Z');
INSERT INTO areas (id, governorate_id, data, updated_at) VALUES ('BAL-013', 'JO-BAL', '{"governorateId":"JO-BAL","name":"حي المرج"}', '2026-07-11T08:24:07.530Z');
INSERT INTO areas (id, governorate_id, data, updated_at) VALUES ('BAL-014', 'JO-BAL', '{"governorateId":"JO-BAL","name":"حي المعاذ"}', '2026-07-11T08:24:07.530Z');
INSERT INTO areas (id, governorate_id, data, updated_at) VALUES ('BAL-015', 'JO-BAL', '{"governorateId":"JO-BAL","name":"حي الرفيد"}', '2026-07-11T08:24:07.530Z');
INSERT INTO areas (id, governorate_id, data, updated_at) VALUES ('BAL-016', 'JO-BAL', '{"governorateId":"JO-BAL","name":"حي الزيتون"}', '2026-07-11T08:24:07.530Z');
INSERT INTO areas (id, governorate_id, data, updated_at) VALUES ('BAL-017', 'JO-BAL', '{"governorateId":"JO-BAL","name":"حي الكرمل"}', '2026-07-11T08:24:07.530Z');
INSERT INTO areas (id, governorate_id, data, updated_at) VALUES ('BAL-018', 'JO-BAL', '{"governorateId":"JO-BAL","name":"حي الطرة"}', '2026-07-11T08:24:07.530Z');
INSERT INTO areas (id, governorate_id, data, updated_at) VALUES ('BAL-019', 'JO-BAL', '{"governorateId":"JO-BAL","name":"حي الرشيد"}', '2026-07-11T08:24:07.530Z');
INSERT INTO areas (id, governorate_id, data, updated_at) VALUES ('BAL-020', 'JO-BAL', '{"governorateId":"JO-BAL","name":"حي الأمل"}', '2026-07-11T08:24:07.530Z');
INSERT INTO areas (id, governorate_id, data, updated_at) VALUES ('IRB-001', 'JO-IRB', '{"governorateId":"JO-IRB","name":"إربد (المركز)"}', '2026-07-11T08:24:07.530Z');
INSERT INTO areas (id, governorate_id, data, updated_at) VALUES ('IRB-002', 'JO-IRB', '{"governorateId":"JO-IRB","name":"البارحة"}', '2026-07-11T08:24:07.530Z');
INSERT INTO areas (id, governorate_id, data, updated_at) VALUES ('IRB-003', 'JO-IRB', '{"governorateId":"JO-IRB","name":"زبدة فركوح"}', '2026-07-11T08:24:07.530Z');
INSERT INTO areas (id, governorate_id, data, updated_at) VALUES ('IRB-004', 'JO-IRB', '{"governorateId":"JO-IRB","name":"الرمثا"}', '2026-07-11T08:24:07.530Z');
INSERT INTO areas (id, governorate_id, data, updated_at) VALUES ('IRB-005', 'JO-IRB', '{"governorateId":"JO-IRB","name":"إيدون"}', '2026-07-11T08:24:07.530Z');
INSERT INTO areas (id, governorate_id, data, updated_at) VALUES ('IRB-006', 'JO-IRB', '{"governorateId":"JO-IRB","name":"الصريح"}', '2026-07-11T08:24:07.530Z');
INSERT INTO areas (id, governorate_id, data, updated_at) VALUES ('IRB-007', 'JO-IRB', '{"governorateId":"JO-IRB","name":"بيت راس"}', '2026-07-11T08:24:07.530Z');
INSERT INTO areas (id, governorate_id, data, updated_at) VALUES ('IRB-008', 'JO-IRB', '{"governorateId":"JO-IRB","name":"الحصن"}', '2026-07-11T08:24:07.530Z');
INSERT INTO areas (id, governorate_id, data, updated_at) VALUES ('IRB-009', 'JO-IRB', '{"governorateId":"JO-IRB","name":"الطرة"}', '2026-07-11T08:24:07.530Z');
INSERT INTO areas (id, governorate_id, data, updated_at) VALUES ('IRB-010', 'JO-IRB', '{"governorateId":"JO-IRB","name":"دير أبي سعيد"}', '2026-07-11T08:24:07.530Z');
INSERT INTO areas (id, governorate_id, data, updated_at) VALUES ('IRB-011', 'JO-IRB', '{"governorateId":"JO-IRB","name":"النعيمة"}', '2026-07-11T08:24:07.530Z');
INSERT INTO areas (id, governorate_id, data, updated_at) VALUES ('IRB-012', 'JO-IRB', '{"governorateId":"JO-IRB","name":"الشجرة"}', '2026-07-11T08:24:07.530Z');
INSERT INTO areas (id, governorate_id, data, updated_at) VALUES ('IRB-013', 'JO-IRB', '{"governorateId":"JO-IRB","name":"المشارع"}', '2026-07-11T08:24:07.530Z');
INSERT INTO areas (id, governorate_id, data, updated_at) VALUES ('IRB-014', 'JO-IRB', '{"governorateId":"JO-IRB","name":"حوارة"}', '2026-07-11T08:24:07.530Z');
INSERT INTO areas (id, governorate_id, data, updated_at) VALUES ('IRB-015', 'JO-IRB', '{"governorateId":"JO-IRB","name":"كفر يوبا"}', '2026-07-11T08:24:07.530Z');
INSERT INTO areas (id, governorate_id, data, updated_at) VALUES ('IRB-016', 'JO-IRB', '{"governorateId":"JO-IRB","name":"كريمة"}', '2026-07-11T08:24:07.530Z');
INSERT INTO areas (id, governorate_id, data, updated_at) VALUES ('IRB-017', 'JO-IRB', '{"governorateId":"JO-IRB","name":"الطيبة"}', '2026-07-11T08:24:07.530Z');
INSERT INTO areas (id, governorate_id, data, updated_at) VALUES ('IRB-018', 'JO-IRB', '{"governorateId":"JO-IRB","name":"المزار الشمالي"}', '2026-07-11T08:24:07.530Z');
INSERT INTO areas (id, governorate_id, data, updated_at) VALUES ('IRB-019', 'JO-IRB', '{"governorateId":"JO-IRB","name":"بشرى"}', '2026-07-11T08:24:07.530Z');
INSERT INTO areas (id, governorate_id, data, updated_at) VALUES ('IRB-020', 'JO-IRB', '{"governorateId":"JO-IRB","name":"جديتا"}', '2026-07-11T08:24:07.530Z');
INSERT INTO areas (id, governorate_id, data, updated_at) VALUES ('IRB-021', 'JO-IRB', '{"governorateId":"JO-IRB","name":"الشونة الشمالية"}', '2026-07-11T08:24:07.530Z');
INSERT INTO areas (id, governorate_id, data, updated_at) VALUES ('IRB-022', 'JO-IRB', '{"governorateId":"JO-IRB","name":"كفر الماء"}', '2026-07-11T08:24:07.530Z');
INSERT INTO areas (id, governorate_id, data, updated_at) VALUES ('IRB-023', 'JO-IRB', '{"governorateId":"JO-IRB","name":"المغير"}', '2026-07-11T08:24:07.530Z');
INSERT INTO areas (id, governorate_id, data, updated_at) VALUES ('IRB-024', 'JO-IRB', '{"governorateId":"JO-IRB","name":"صما"}', '2026-07-11T08:24:07.530Z');
INSERT INTO areas (id, governorate_id, data, updated_at) VALUES ('IRB-025', 'JO-IRB', '{"governorateId":"JO-IRB","name":"حكما"}', '2026-07-11T08:24:07.530Z');
INSERT INTO areas (id, governorate_id, data, updated_at) VALUES ('IRB-026', 'JO-IRB', '{"governorateId":"JO-IRB","name":"الأشرفية"}', '2026-07-11T08:24:07.530Z');
INSERT INTO areas (id, governorate_id, data, updated_at) VALUES ('IRB-027', 'JO-IRB', '{"governorateId":"JO-IRB","name":"كفر أسد"}', '2026-07-11T08:24:07.530Z');
INSERT INTO areas (id, governorate_id, data, updated_at) VALUES ('IRB-028', 'JO-IRB', '{"governorateId":"JO-IRB","name":"إرحابا"}', '2026-07-11T08:24:07.530Z');
INSERT INTO areas (id, governorate_id, data, updated_at) VALUES ('IRB-029', 'JO-IRB', '{"governorateId":"JO-IRB","name":"كفر عوان"}', '2026-07-11T08:24:07.530Z');
INSERT INTO areas (id, governorate_id, data, updated_at) VALUES ('IRB-030', 'JO-IRB', '{"governorateId":"JO-IRB","name":"بيت يافا"}', '2026-07-11T08:24:07.530Z');
INSERT INTO areas (id, governorate_id, data, updated_at) VALUES ('IRB-031', 'JO-IRB', '{"governorateId":"JO-IRB","name":"دير يوسف"}', '2026-07-11T08:24:07.530Z');
INSERT INTO areas (id, governorate_id, data, updated_at) VALUES ('IRB-032', 'JO-IRB', '{"governorateId":"JO-IRB","name":"ملكا"}', '2026-07-11T08:24:07.530Z');
INSERT INTO areas (id, governorate_id, data, updated_at) VALUES ('IRB-033', 'JO-IRB', '{"governorateId":"JO-IRB","name":"كفر أبيل"}', '2026-07-11T08:24:07.530Z');
INSERT INTO areas (id, governorate_id, data, updated_at) VALUES ('IRB-034', 'JO-IRB', '{"governorateId":"JO-IRB","name":"الشيخ حسين"}', '2026-07-11T08:24:07.530Z');
INSERT INTO areas (id, governorate_id, data, updated_at) VALUES ('IRB-035', 'JO-IRB', '{"governorateId":"JO-IRB","name":"كفر سوم"}', '2026-07-11T08:24:07.530Z');
INSERT INTO areas (id, governorate_id, data, updated_at) VALUES ('IRB-036', 'JO-IRB', '{"governorateId":"JO-IRB","name":"سال"}', '2026-07-11T08:24:07.530Z');
INSERT INTO areas (id, governorate_id, data, updated_at) VALUES ('IRB-037', 'JO-IRB', '{"governorateId":"JO-IRB","name":"سموع"}', '2026-07-11T08:24:07.530Z');
INSERT INTO areas (id, governorate_id, data, updated_at) VALUES ('IRB-038', 'JO-IRB', '{"governorateId":"JO-IRB","name":"البويضة"}', '2026-07-11T08:24:07.530Z');
INSERT INTO areas (id, governorate_id, data, updated_at) VALUES ('IRB-039', 'JO-IRB', '{"governorateId":"JO-IRB","name":"سوم"}', '2026-07-11T08:24:07.530Z');
INSERT INTO areas (id, governorate_id, data, updated_at) VALUES ('IRB-040', 'JO-IRB', '{"governorateId":"JO-IRB","name":"عنبة"}', '2026-07-11T08:24:07.530Z');
INSERT INTO areas (id, governorate_id, data, updated_at) VALUES ('IRB-041', 'JO-IRB', '{"governorateId":"JO-IRB","name":"سحم"}', '2026-07-11T08:24:07.530Z');
INSERT INTO areas (id, governorate_id, data, updated_at) VALUES ('IRB-042', 'JO-IRB', '{"governorateId":"JO-IRB","name":"تبنة"}', '2026-07-11T08:24:07.530Z');
INSERT INTO areas (id, governorate_id, data, updated_at) VALUES ('IRB-043', 'JO-IRB', '{"governorateId":"JO-IRB","name":"حاتم"}', '2026-07-11T08:24:07.530Z');
INSERT INTO areas (id, governorate_id, data, updated_at) VALUES ('IRB-044', 'JO-IRB', '{"governorateId":"JO-IRB","name":"خرجا"}', '2026-07-11T08:24:07.530Z');
INSERT INTO areas (id, governorate_id, data, updated_at) VALUES ('IRB-045', 'JO-IRB', '{"governorateId":"JO-IRB","name":"كتم"}', '2026-07-11T08:24:07.530Z');
INSERT INTO areas (id, governorate_id, data, updated_at) VALUES ('IRB-046', 'JO-IRB', '{"governorateId":"JO-IRB","name":"دوقرة"}', '2026-07-11T08:24:07.530Z');
INSERT INTO areas (id, governorate_id, data, updated_at) VALUES ('IRB-047', 'JO-IRB', '{"governorateId":"JO-IRB","name":"دير السعنة"}', '2026-07-11T08:24:07.530Z');
INSERT INTO areas (id, governorate_id, data, updated_at) VALUES ('IRB-048', 'JO-IRB', '{"governorateId":"JO-IRB","name":"قميم"}', '2026-07-11T08:24:07.530Z');
INSERT INTO areas (id, governorate_id, data, updated_at) VALUES ('IRB-049', 'JO-IRB', '{"governorateId":"JO-IRB","name":"حي الجامعة"}', '2026-07-11T08:24:07.530Z');
INSERT INTO areas (id, governorate_id, data, updated_at) VALUES ('IRB-050', 'JO-IRB', '{"governorateId":"JO-IRB","name":"الحي الجنوبي"}', '2026-07-11T08:24:07.530Z');
INSERT INTO areas (id, governorate_id, data, updated_at) VALUES ('IRB-051', 'JO-IRB', '{"governorateId":"JO-IRB","name":"حي الأبرار"}', '2026-07-11T08:24:07.530Z');
INSERT INTO areas (id, governorate_id, data, updated_at) VALUES ('IRB-052', 'JO-IRB', '{"governorateId":"JO-IRB","name":"حي الفضيلة"}', '2026-07-11T08:24:07.530Z');
INSERT INTO areas (id, governorate_id, data, updated_at) VALUES ('IRB-053', 'JO-IRB', '{"governorateId":"JO-IRB","name":"حي المنارة"}', '2026-07-11T08:24:07.530Z');
INSERT INTO areas (id, governorate_id, data, updated_at) VALUES ('IRB-054', 'JO-IRB', '{"governorateId":"JO-IRB","name":"حي الملعب"}', '2026-07-11T08:24:07.530Z');
INSERT INTO areas (id, governorate_id, data, updated_at) VALUES ('IRB-055', 'JO-IRB', '{"governorateId":"JO-IRB","name":"حي الجامع"}', '2026-07-11T08:24:07.530Z');
INSERT INTO areas (id, governorate_id, data, updated_at) VALUES ('IRB-056', 'JO-IRB', '{"governorateId":"JO-IRB","name":"حي العودة"}', '2026-07-11T08:24:07.530Z');
INSERT INTO areas (id, governorate_id, data, updated_at) VALUES ('IRB-057', 'JO-IRB', '{"governorateId":"JO-IRB","name":"حي الأفراح"}', '2026-07-11T08:24:07.530Z');
INSERT INTO areas (id, governorate_id, data, updated_at) VALUES ('IRB-058', 'JO-IRB', '{"governorateId":"JO-IRB","name":"الرابية"}', '2026-07-11T08:24:07.530Z');
INSERT INTO areas (id, governorate_id, data, updated_at) VALUES ('IRB-059', 'JO-IRB', '{"governorateId":"JO-IRB","name":"الروضة"}', '2026-07-11T08:24:07.530Z');
INSERT INTO areas (id, governorate_id, data, updated_at) VALUES ('IRB-060', 'JO-IRB', '{"governorateId":"JO-IRB","name":"النزهة"}', '2026-07-11T08:24:07.530Z');
INSERT INTO areas (id, governorate_id, data, updated_at) VALUES ('IRB-061', 'JO-IRB', '{"governorateId":"JO-IRB","name":"النصر"}', '2026-07-11T08:24:07.530Z');
INSERT INTO areas (id, governorate_id, data, updated_at) VALUES ('IRB-062', 'JO-IRB', '{"governorateId":"JO-IRB","name":"الهاشمية"}', '2026-07-11T08:24:07.530Z');
INSERT INTO areas (id, governorate_id, data, updated_at) VALUES ('IRB-063', 'JO-IRB', '{"governorateId":"JO-IRB","name":"حور"}', '2026-07-11T08:24:07.530Z');
INSERT INTO areas (id, governorate_id, data, updated_at) VALUES ('IRB-064', 'JO-IRB', '{"governorateId":"JO-IRB","name":"علعال"}', '2026-07-11T08:24:07.530Z');
INSERT INTO areas (id, governorate_id, data, updated_at) VALUES ('IRB-065', 'JO-IRB', '{"governorateId":"JO-IRB","name":"فوعرا"}', '2026-07-11T08:24:07.530Z');
INSERT INTO areas (id, governorate_id, data, updated_at) VALUES ('IRB-066', 'JO-IRB', '{"governorateId":"JO-IRB","name":"كفرجايز"}', '2026-07-11T08:24:07.530Z');
INSERT INTO areas (id, governorate_id, data, updated_at) VALUES ('IRB-067', 'JO-IRB', '{"governorateId":"JO-IRB","name":"مرو"}', '2026-07-11T08:24:07.530Z');
INSERT INTO areas (id, governorate_id, data, updated_at) VALUES ('JER-001', 'JO-JER', '{"governorateId":"JO-JER","name":"جرش"}', '2026-07-11T08:24:07.530Z');
INSERT INTO areas (id, governorate_id, data, updated_at) VALUES ('JER-002', 'JO-JER', '{"governorateId":"JO-JER","name":"سوف"}', '2026-07-11T08:24:07.530Z');
INSERT INTO areas (id, governorate_id, data, updated_at) VALUES ('JER-003', 'JO-JER', '{"governorateId":"JO-JER","name":"كفرخلة"}', '2026-07-11T08:24:07.530Z');
INSERT INTO areas (id, governorate_id, data, updated_at) VALUES ('JER-004', 'JO-JER', '{"governorateId":"JO-JER","name":"مصطبة"}', '2026-07-11T08:24:07.530Z');
INSERT INTO areas (id, governorate_id, data, updated_at) VALUES ('JER-005', 'JO-JER', '{"governorateId":"JO-JER","name":"برما"}', '2026-07-11T08:24:07.530Z');
INSERT INTO areas (id, governorate_id, data, updated_at) VALUES ('JER-006', 'JO-JER', '{"governorateId":"JO-JER","name":"المنشية"}', '2026-07-11T08:24:07.530Z');
INSERT INTO areas (id, governorate_id, data, updated_at) VALUES ('JER-007', 'JO-JER', '{"governorateId":"JO-JER","name":"النازل"}', '2026-07-11T08:24:07.530Z');
INSERT INTO areas (id, governorate_id, data, updated_at) VALUES ('JER-008', 'JO-JER', '{"governorateId":"JO-JER","name":"حي الشرف"}', '2026-07-11T08:24:07.530Z');
INSERT INTO areas (id, governorate_id, data, updated_at) VALUES ('JER-009', 'JO-JER', '{"governorateId":"JO-JER","name":"حي النزهة"}', '2026-07-11T08:24:07.530Z');
INSERT INTO areas (id, governorate_id, data, updated_at) VALUES ('JER-010', 'JO-JER', '{"governorateId":"JO-JER","name":"حي الروضة"}', '2026-07-11T08:24:07.530Z');
INSERT INTO areas (id, governorate_id, data, updated_at) VALUES ('JO-MAD', '', '{"-Owxr188HIfn-c1roxIJ":{"name":"حنينا"},"-Owxr3-1e8NaPFjMo_Da":{"name":"تست"}}', '2026-07-11T08:24:07.530Z');
INSERT INTO areas (id, governorate_id, data, updated_at) VALUES ('KAR-001', 'JO-KAR', '{"governorateId":"JO-KAR","name":"الكرك"}', '2026-07-11T08:24:07.530Z');
INSERT INTO areas (id, governorate_id, data, updated_at) VALUES ('KAR-002', 'JO-KAR', '{"governorateId":"JO-KAR","name":"القطرانة"}', '2026-07-11T08:24:07.530Z');
INSERT INTO areas (id, governorate_id, data, updated_at) VALUES ('KAR-003', 'JO-KAR', '{"governorateId":"JO-KAR","name":"غور الصافي"}', '2026-07-11T08:24:07.530Z');
INSERT INTO areas (id, governorate_id, data, updated_at) VALUES ('KAR-004', 'JO-KAR', '{"governorateId":"JO-KAR","name":"المزار الجنوبي"}', '2026-07-11T08:24:07.530Z');
INSERT INTO areas (id, governorate_id, data, updated_at) VALUES ('KAR-005', 'JO-KAR', '{"governorateId":"JO-KAR","name":"العي"}', '2026-07-11T08:24:07.530Z');
INSERT INTO areas (id, governorate_id, data, updated_at) VALUES ('KAR-006', 'JO-KAR', '{"governorateId":"JO-KAR","name":"الربة"}', '2026-07-11T08:24:07.530Z');
INSERT INTO areas (id, governorate_id, data, updated_at) VALUES ('KAR-007', 'JO-KAR', '{"governorateId":"JO-KAR","name":"فقوع"}', '2026-07-11T08:24:07.530Z');
INSERT INTO areas (id, governorate_id, data, updated_at) VALUES ('KAR-008', 'JO-KAR', '{"governorateId":"JO-KAR","name":"العدسية"}', '2026-07-11T08:24:07.530Z');
INSERT INTO areas (id, governorate_id, data, updated_at) VALUES ('KAR-009', 'JO-KAR', '{"governorateId":"JO-KAR","name":"حي القلعة"}', '2026-07-11T08:24:07.530Z');
INSERT INTO areas (id, governorate_id, data, updated_at) VALUES ('KAR-010', 'JO-KAR', '{"governorateId":"JO-KAR","name":"حي الحسين"}', '2026-07-11T08:24:07.530Z');
INSERT INTO areas (id, governorate_id, data, updated_at) VALUES ('KAR-011', 'JO-KAR', '{"governorateId":"JO-KAR","name":"حي الزيتون"}', '2026-07-11T08:24:07.530Z');
INSERT INTO areas (id, governorate_id, data, updated_at) VALUES ('MAD-001', 'JO-MAD', '{"governorateId":"JO-MAD","name":"مأدبا"}', '2026-07-11T08:24:07.530Z');
INSERT INTO areas (id, governorate_id, data, updated_at) VALUES ('MAD-002', 'JO-MAD', '{"governorateId":"JO-MAD","name":"ذيبان"}', '2026-07-11T08:24:07.530Z');
INSERT INTO areas (id, governorate_id, data, updated_at) VALUES ('MAD-003', 'JO-MAD', '{"governorateId":"JO-MAD","name":"الفيصلية"}', '2026-07-11T08:24:07.530Z');
INSERT INTO areas (id, governorate_id, data, updated_at) VALUES ('MAD-004', 'JO-MAD', '{"governorateId":"JO-MAD","name":"ماعين"}', '2026-07-11T08:24:07.530Z');
INSERT INTO areas (id, governorate_id, data, updated_at) VALUES ('MAD-005', 'JO-MAD', '{"governorateId":"JO-MAD","name":"جرينة"}', '2026-07-11T08:24:07.530Z');
INSERT INTO areas (id, governorate_id, data, updated_at) VALUES ('MAD-006', 'JO-MAD', '{"governorateId":"JO-MAD","name":"العريض"}', '2026-07-11T08:24:07.530Z');
INSERT INTO areas (id, governorate_id, data, updated_at) VALUES ('MAD-007', 'JO-MAD', '{"governorateId":"JO-MAD","name":"الخريجة"}', '2026-07-11T08:24:07.530Z');
INSERT INTO areas (id, governorate_id, data, updated_at) VALUES ('MAD-008', 'JO-MAD', '{"governorateId":"JO-MAD","name":"مليح"}', '2026-07-11T08:24:07.530Z');
INSERT INTO areas (id, governorate_id, data, updated_at) VALUES ('MAD-009', 'JO-MAD', '{"governorateId":"JO-MAD","name":"حي الزهور"}', '2026-07-11T08:24:07.530Z');
INSERT INTO areas (id, governorate_id, data, updated_at) VALUES ('MAD-010', 'JO-MAD', '{"governorateId":"JO-MAD","name":"حي النزهة"}', '2026-07-11T08:24:07.530Z');
INSERT INTO areas (id, governorate_id, data, updated_at) VALUES ('MAD-011', 'JO-MAD', '{"governorateId":"JO-MAD","name":"حي السلام"}', '2026-07-11T08:24:07.530Z');
INSERT INTO areas (id, governorate_id, data, updated_at) VALUES ('MAD-012', 'JO-MAD', '{"governorateId":"JO-MAD","name":"حي الأمل"}', '2026-07-11T08:24:07.530Z');
INSERT INTO areas (id, governorate_id, data, updated_at) VALUES ('MAD-013', 'JO-MAD', '{"governorateId":"JO-MAD","name":"حي الروضة"}', '2026-07-11T08:24:07.530Z');
INSERT INTO areas (id, governorate_id, data, updated_at) VALUES ('MAF-001', 'JO-MAF', '{"governorateId":"JO-MAF","name":"المفرق"}', '2026-07-11T08:24:07.530Z');
INSERT INTO areas (id, governorate_id, data, updated_at) VALUES ('MAF-002', 'JO-MAF', '{"governorateId":"JO-MAF","name":"الرويشد"}', '2026-07-11T08:24:07.530Z');
INSERT INTO areas (id, governorate_id, data, updated_at) VALUES ('MAF-003', 'JO-MAF', '{"governorateId":"JO-MAF","name":"الصفاوي"}', '2026-07-11T08:24:07.530Z');
INSERT INTO areas (id, governorate_id, data, updated_at) VALUES ('MAF-004', 'JO-MAF', '{"governorateId":"JO-MAF","name":"الحمرا"}', '2026-07-11T08:24:07.530Z');
INSERT INTO areas (id, governorate_id, data, updated_at) VALUES ('MAF-005', 'JO-MAF', '{"governorateId":"JO-MAF","name":"بلعما"}', '2026-07-11T08:24:07.530Z');
INSERT INTO areas (id, governorate_id, data, updated_at) VALUES ('MAF-006', 'JO-MAF', '{"governorateId":"JO-MAF","name":"البصية"}', '2026-07-11T08:24:07.530Z');
INSERT INTO areas (id, governorate_id, data, updated_at) VALUES ('MAF-007', 'JO-MAF', '{"governorateId":"JO-MAF","name":"الشريعة"}', '2026-07-11T08:24:07.530Z');
INSERT INTO areas (id, governorate_id, data, updated_at) VALUES ('MAF-008', 'JO-MAF', '{"governorateId":"JO-MAF","name":"الأزرق الشمالي"}', '2026-07-11T08:24:07.530Z');
INSERT INTO areas (id, governorate_id, data, updated_at) VALUES ('MAF-009', 'JO-MAF', '{"governorateId":"JO-MAF","name":"حي البدو"}', '2026-07-11T08:24:07.530Z');
INSERT INTO areas (id, governorate_id, data, updated_at) VALUES ('MAF-010', 'JO-MAF', '{"governorateId":"JO-MAF","name":"حي النور"}', '2026-07-11T08:24:07.530Z');
INSERT INTO areas (id, governorate_id, data, updated_at) VALUES ('MAF-011', 'JO-MAF', '{"governorateId":"JO-MAF","name":"حي الهدى"}', '2026-07-11T08:24:07.530Z');
INSERT INTO areas (id, governorate_id, data, updated_at) VALUES ('MAF-012', 'JO-MAF', '{"governorateId":"JO-MAF","name":"حي الكرامة"}', '2026-07-11T08:24:07.530Z');
INSERT INTO areas (id, governorate_id, data, updated_at) VALUES ('MAN-001', 'JO-MAN', '{"governorateId":"JO-MAN","name":"معان"}', '2026-07-11T08:24:07.530Z');
INSERT INTO areas (id, governorate_id, data, updated_at) VALUES ('MAN-002', 'JO-MAN', '{"governorateId":"JO-MAN","name":"الشوبك"}', '2026-07-11T08:24:07.530Z');
INSERT INTO areas (id, governorate_id, data, updated_at) VALUES ('MAN-003', 'JO-MAN', '{"governorateId":"JO-MAN","name":"البتراء"}', '2026-07-11T08:24:07.530Z');
INSERT INTO areas (id, governorate_id, data, updated_at) VALUES ('MAN-004', 'JO-MAN', '{"governorateId":"JO-MAN","name":"جران"}', '2026-07-11T08:24:07.530Z');
INSERT INTO areas (id, governorate_id, data, updated_at) VALUES ('MAN-005', 'JO-MAN', '{"governorateId":"JO-MAN","name":"المرتفعة"}', '2026-07-11T08:24:07.530Z');
INSERT INTO areas (id, governorate_id, data, updated_at) VALUES ('MAN-006', 'JO-MAN', '{"governorateId":"JO-MAN","name":"إيل"}', '2026-07-11T08:24:07.530Z');
INSERT INTO areas (id, governorate_id, data, updated_at) VALUES ('MAN-007', 'JO-MAN', '{"governorateId":"JO-MAN","name":"وادي موسى"}', '2026-07-11T08:24:07.530Z');
INSERT INTO areas (id, governorate_id, data, updated_at) VALUES ('MAN-008', 'JO-MAN', '{"governorateId":"JO-MAN","name":"حي النهضة"}', '2026-07-11T08:24:07.530Z');
INSERT INTO areas (id, governorate_id, data, updated_at) VALUES ('MAN-009', 'JO-MAN', '{"governorateId":"JO-MAN","name":"حي الروضة"}', '2026-07-11T08:24:07.530Z');
INSERT INTO areas (id, governorate_id, data, updated_at) VALUES ('TAF-001', 'JO-TAF', '{"governorateId":"JO-TAF","name":"الطفيلة"}', '2026-07-11T08:24:07.530Z');
INSERT INTO areas (id, governorate_id, data, updated_at) VALUES ('TAF-002', 'JO-TAF', '{"governorateId":"JO-TAF","name":"بصيرا"}', '2026-07-11T08:24:07.530Z');
INSERT INTO areas (id, governorate_id, data, updated_at) VALUES ('TAF-003', 'JO-TAF', '{"governorateId":"JO-TAF","name":"الحسا"}', '2026-07-11T08:24:07.530Z');
INSERT INTO areas (id, governorate_id, data, updated_at) VALUES ('TAF-004', 'JO-TAF', '{"governorateId":"JO-TAF","name":"عين البيضاء"}', '2026-07-11T08:24:07.530Z');
INSERT INTO areas (id, governorate_id, data, updated_at) VALUES ('TAF-005', 'JO-TAF', '{"governorateId":"JO-TAF","name":"الرشادية"}', '2026-07-11T08:24:07.530Z');
INSERT INTO areas (id, governorate_id, data, updated_at) VALUES ('TAF-006', 'JO-TAF', '{"governorateId":"JO-TAF","name":"الغوين"}', '2026-07-11T08:24:07.530Z');
INSERT INTO areas (id, governorate_id, data, updated_at) VALUES ('TAF-007', 'JO-TAF', '{"governorateId":"JO-TAF","name":"حي الصفا"}', '2026-07-11T08:24:07.530Z');
INSERT INTO areas (id, governorate_id, data, updated_at) VALUES ('TAF-008', 'JO-TAF', '{"governorateId":"JO-TAF","name":"حي النور"}', '2026-07-11T08:24:07.530Z');
INSERT INTO areas (id, governorate_id, data, updated_at) VALUES ('ZAR-001', 'JO-ZAR', '{"governorateId":"JO-ZAR","name":"الزرقاء (المركز)"}', '2026-07-11T08:24:07.530Z');
INSERT INTO areas (id, governorate_id, data, updated_at) VALUES ('ZAR-002', 'JO-ZAR', '{"governorateId":"JO-ZAR","name":"جريبا"}', '2026-07-11T08:24:07.530Z');
INSERT INTO areas (id, governorate_id, data, updated_at) VALUES ('ZAR-003', 'JO-ZAR', '{"governorateId":"JO-ZAR","name":"نصار"}', '2026-07-11T08:24:07.530Z');
INSERT INTO areas (id, governorate_id, data, updated_at) VALUES ('ZAR-004', 'JO-ZAR', '{"governorateId":"JO-ZAR","name":"الطافح"}', '2026-07-11T08:24:07.530Z');
INSERT INTO areas (id, governorate_id, data, updated_at) VALUES ('ZAR-005', 'JO-ZAR', '{"governorateId":"JO-ZAR","name":"الركبان"}', '2026-07-11T08:24:07.530Z');
INSERT INTO areas (id, governorate_id, data, updated_at) VALUES ('ZAR-006', 'JO-ZAR', '{"governorateId":"JO-ZAR","name":"الرصيفة"}', '2026-07-11T08:24:07.530Z');
INSERT INTO areas (id, governorate_id, data, updated_at) VALUES ('ZAR-007', 'JO-ZAR', '{"governorateId":"JO-ZAR","name":"أبو صياح"}', '2026-07-11T08:24:07.530Z');
INSERT INTO areas (id, governorate_id, data, updated_at) VALUES ('ZAR-008', 'JO-ZAR', '{"governorateId":"JO-ZAR","name":"الهاشمية"}', '2026-07-11T08:24:07.530Z');
INSERT INTO areas (id, governorate_id, data, updated_at) VALUES ('ZAR-009', 'JO-ZAR', '{"governorateId":"JO-ZAR","name":"السخنة"}', '2026-07-11T08:24:07.530Z');
INSERT INTO areas (id, governorate_id, data, updated_at) VALUES ('ZAR-010', 'JO-ZAR', '{"governorateId":"JO-ZAR","name":"أبو الزيغان"}', '2026-07-11T08:24:07.530Z');
INSERT INTO areas (id, governorate_id, data, updated_at) VALUES ('ZAR-011', 'JO-ZAR', '{"governorateId":"JO-ZAR","name":"دوقرة"}', '2026-07-11T08:24:07.530Z');
INSERT INTO areas (id, governorate_id, data, updated_at) VALUES ('ZAR-012', 'JO-ZAR', '{"governorateId":"JO-ZAR","name":"عين النمرة"}', '2026-07-11T08:24:07.530Z');
INSERT INTO areas (id, governorate_id, data, updated_at) VALUES ('ZAR-013', 'JO-ZAR', '{"governorateId":"JO-ZAR","name":"غريسة"}', '2026-07-11T08:24:07.530Z');
INSERT INTO areas (id, governorate_id, data, updated_at) VALUES ('ZAR-014', 'JO-ZAR', '{"governorateId":"JO-ZAR","name":"أم صليح"}', '2026-07-11T08:24:07.530Z');
INSERT INTO areas (id, governorate_id, data, updated_at) VALUES ('ZAR-015', 'JO-ZAR', '{"governorateId":"JO-ZAR","name":"القنية"}', '2026-07-11T08:24:07.530Z');
INSERT INTO areas (id, governorate_id, data, updated_at) VALUES ('ZAR-016', 'JO-ZAR', '{"governorateId":"JO-ZAR","name":"ضبعان"}', '2026-07-11T08:24:07.530Z');
INSERT INTO areas (id, governorate_id, data, updated_at) VALUES ('ZAR-017', 'JO-ZAR', '{"governorateId":"JO-ZAR","name":"طواحين العدوان"}', '2026-07-11T08:24:07.530Z');
INSERT INTO areas (id, governorate_id, data, updated_at) VALUES ('ZAR-018', 'JO-ZAR', '{"governorateId":"JO-ZAR","name":"السمراء"}', '2026-07-11T08:24:07.530Z');
INSERT INTO areas (id, governorate_id, data, updated_at) VALUES ('ZAR-019', 'JO-ZAR', '{"governorateId":"JO-ZAR","name":"الحصب"}', '2026-07-11T08:24:07.530Z');
INSERT INTO areas (id, governorate_id, data, updated_at) VALUES ('ZAR-020', 'JO-ZAR', '{"governorateId":"JO-ZAR","name":"حي المصفاة"}', '2026-07-11T08:24:07.530Z');
INSERT INTO areas (id, governorate_id, data, updated_at) VALUES ('ZAR-021', 'JO-ZAR', '{"governorateId":"JO-ZAR","name":"الرحيل"}', '2026-07-11T08:24:07.530Z');
INSERT INTO areas (id, governorate_id, data, updated_at) VALUES ('ZAR-022', 'JO-ZAR', '{"governorateId":"JO-ZAR","name":"الضليل"}', '2026-07-11T08:24:07.530Z');
INSERT INTO areas (id, governorate_id, data, updated_at) VALUES ('ZAR-023', 'JO-ZAR', '{"governorateId":"JO-ZAR","name":"قصر الحلابات الشرقي"}', '2026-07-11T08:24:07.530Z');
INSERT INTO areas (id, governorate_id, data, updated_at) VALUES ('ZAR-024', 'JO-ZAR', '{"governorateId":"JO-ZAR","name":"قصر الحلابات الغربي"}', '2026-07-11T08:24:07.530Z');
INSERT INTO areas (id, governorate_id, data, updated_at) VALUES ('ZAR-025', 'JO-ZAR', '{"governorateId":"JO-ZAR","name":"الدهيثم"}', '2026-07-11T08:24:07.530Z');
INSERT INTO areas (id, governorate_id, data, updated_at) VALUES ('ZAR-026', 'JO-ZAR', '{"governorateId":"JO-ZAR","name":"سايح الذيب"}', '2026-07-11T08:24:07.530Z');
INSERT INTO areas (id, governorate_id, data, updated_at) VALUES ('ZAR-027', 'JO-ZAR', '{"governorateId":"JO-ZAR","name":"الناصرية (المشاقبة)"}', '2026-07-11T08:24:07.530Z');
INSERT INTO areas (id, governorate_id, data, updated_at) VALUES ('ZAR-028', 'JO-ZAR', '{"governorateId":"JO-ZAR","name":"بيرين"}', '2026-07-11T08:24:07.530Z');
INSERT INTO areas (id, governorate_id, data, updated_at) VALUES ('ZAR-029', 'JO-ZAR', '{"governorateId":"JO-ZAR","name":"أم رمانة"}', '2026-07-11T08:24:07.530Z');
INSERT INTO areas (id, governorate_id, data, updated_at) VALUES ('ZAR-030', 'JO-ZAR', '{"governorateId":"JO-ZAR","name":"الكمشة"}', '2026-07-11T08:24:07.530Z');
INSERT INTO areas (id, governorate_id, data, updated_at) VALUES ('ZAR-031', 'JO-ZAR', '{"governorateId":"JO-ZAR","name":"العالوك"}', '2026-07-11T08:24:07.530Z');
INSERT INTO areas (id, governorate_id, data, updated_at) VALUES ('ZAR-032', 'JO-ZAR', '{"governorateId":"JO-ZAR","name":"صروت"}', '2026-07-11T08:24:07.530Z');
INSERT INTO areas (id, governorate_id, data, updated_at) VALUES ('ZAR-033', 'JO-ZAR', '{"governorateId":"JO-ZAR","name":"مرحب"}', '2026-07-11T08:24:07.530Z');
INSERT INTO areas (id, governorate_id, data, updated_at) VALUES ('ZAR-034', 'JO-ZAR', '{"governorateId":"JO-ZAR","name":"الميدان"}', '2026-07-11T08:24:07.530Z');
INSERT INTO areas (id, governorate_id, data, updated_at) VALUES ('ZAR-035', 'JO-ZAR', '{"governorateId":"JO-ZAR","name":"الجبل الشمالي"}', '2026-07-11T08:24:07.530Z');
INSERT INTO areas (id, governorate_id, data, updated_at) VALUES ('ZAR-036', 'JO-ZAR', '{"governorateId":"JO-ZAR","name":"الزرقاء الجديدة"}', '2026-07-11T08:24:07.530Z');
INSERT INTO areas (id, governorate_id, data, updated_at) VALUES ('ZAR-037', 'JO-ZAR', '{"governorateId":"JO-ZAR","name":"الزواهرة"}', '2026-07-11T08:24:07.530Z');
INSERT INTO areas (id, governorate_id, data, updated_at) VALUES ('ZAR-038', 'JO-ZAR', '{"governorateId":"JO-ZAR","name":"حي الأمير محمد"}', '2026-07-11T08:24:07.530Z');
INSERT INTO areas (id, governorate_id, data, updated_at) VALUES ('ZAR-039', 'JO-ZAR', '{"governorateId":"JO-ZAR","name":"حي الجندي"}', '2026-07-11T08:24:07.530Z');
INSERT INTO areas (id, governorate_id, data, updated_at) VALUES ('ZAR-040', 'JO-ZAR', '{"governorateId":"JO-ZAR","name":"حي الحسين"}', '2026-07-11T08:24:07.530Z');
INSERT INTO areas (id, governorate_id, data, updated_at) VALUES ('ZAR-041', 'JO-ZAR', '{"governorateId":"JO-ZAR","name":"حي الضباط"}', '2026-07-11T08:24:07.530Z');
INSERT INTO areas (id, governorate_id, data, updated_at) VALUES ('ZAR-042', 'JO-ZAR', '{"governorateId":"JO-ZAR","name":"حي الفلاح"}', '2026-07-11T08:24:07.530Z');
INSERT INTO areas (id, governorate_id, data, updated_at) VALUES ('ZAR-043', 'JO-ZAR', '{"governorateId":"JO-ZAR","name":"حي جناعة"}', '2026-07-11T08:24:07.530Z');
INSERT INTO areas (id, governorate_id, data, updated_at) VALUES ('ZAR-044', 'JO-ZAR', '{"governorateId":"JO-ZAR","name":"حي رمزي"}', '2026-07-11T08:24:07.530Z');
INSERT INTO areas (id, governorate_id, data, updated_at) VALUES ('ZAR-045', 'JO-ZAR', '{"governorateId":"JO-ZAR","name":"حي معصوم"}', '2026-07-11T08:24:07.530Z');
INSERT INTO areas (id, governorate_id, data, updated_at) VALUES ('ZAR-046', 'JO-ZAR', '{"governorateId":"JO-ZAR","name":"عوجان"}', '2026-07-11T08:24:07.530Z');
INSERT INTO areas (id, governorate_id, data, updated_at) VALUES ('ZAR-047', 'JO-ZAR', '{"governorateId":"JO-ZAR","name":"وادي الحجر"}', '2026-07-11T08:24:07.530Z');
INSERT INTO areas (id, governorate_id, data, updated_at) VALUES ('ZAR-048', 'JO-ZAR', '{"governorateId":"JO-ZAR","name":"المنطقة الحرة"}', '2026-07-11T08:24:07.530Z');
INSERT INTO areas (id, governorate_id, data, updated_at) VALUES ('ZAR-049', 'JO-ZAR', '{"governorateId":"JO-ZAR","name":"حي ابن سينا"}', '2026-07-11T08:24:07.530Z');
INSERT INTO areas (id, governorate_id, data, updated_at) VALUES ('ZAR-050', 'JO-ZAR', '{"governorateId":"JO-ZAR","name":"حي الأميرة هيا"}', '2026-07-11T08:24:07.530Z');
INSERT INTO areas (id, governorate_id, data, updated_at) VALUES ('ZAR-051', 'JO-ZAR', '{"governorateId":"JO-ZAR","name":"مدينة الشرق"}', '2026-07-11T08:24:07.530Z');
INSERT INTO areas (id, governorate_id, data, updated_at) VALUES ('ZAR-052', 'JO-ZAR', '{"governorateId":"JO-ZAR","name":"ياجوز"}', '2026-07-11T08:24:07.530Z');
INSERT INTO areas (id, governorate_id, data, updated_at) VALUES ('ZAR-053', 'JO-ZAR', '{"governorateId":"JO-ZAR","name":"حي جبر"}', '2026-07-11T08:24:07.530Z');
INSERT INTO areas (id, governorate_id, data, updated_at) VALUES ('ZAR-054', 'JO-ZAR', '{"governorateId":"JO-ZAR","name":"مدينة المجد"}', '2026-07-11T08:24:07.530Z');
INSERT INTO areas (id, governorate_id, data, updated_at) VALUES ('ZAR-055', 'JO-ZAR', '{"governorateId":"JO-ZAR","name":"حي الجنينة"}', '2026-07-11T08:24:07.530Z');
INSERT INTO areas (id, governorate_id, data, updated_at) VALUES ('ZAR-056', 'JO-ZAR', '{"governorateId":"JO-ZAR","name":"حي الأمير عبد الله"}', '2026-07-11T08:24:07.530Z');
INSERT INTO areas (id, governorate_id, data, updated_at) VALUES ('ZAR-057', 'JO-ZAR', '{"governorateId":"JO-ZAR","name":"حي الأمير علي"}', '2026-07-11T08:24:07.530Z');
INSERT INTO areas (id, governorate_id, data, updated_at) VALUES ('ZAR-058', 'JO-ZAR', '{"governorateId":"JO-ZAR","name":"جبل الأمير حسن"}', '2026-07-11T08:24:07.530Z');
INSERT INTO areas (id, governorate_id, data, updated_at) VALUES ('ZAR-059', 'JO-ZAR', '{"governorateId":"JO-ZAR","name":"حي الأمير حمزة"}', '2026-07-11T08:24:07.530Z');
INSERT INTO areas (id, governorate_id, data, updated_at) VALUES ('ZAR-060', 'JO-ZAR', '{"governorateId":"JO-ZAR","name":"حي الأميرة رحمة"}', '2026-07-11T08:24:07.530Z');
INSERT INTO areas (id, governorate_id, data, updated_at) VALUES ('ZAR-061', 'JO-ZAR', '{"governorateId":"JO-ZAR","name":"إسكان الأمير هاشم"}', '2026-07-11T08:24:07.530Z');
INSERT INTO areas (id, governorate_id, data, updated_at) VALUES ('ZAR-062', 'JO-ZAR', '{"governorateId":"JO-ZAR","name":"تطوير النقب"}', '2026-07-11T08:24:07.530Z');
INSERT INTO areas (id, governorate_id, data, updated_at) VALUES ('ZAR-063', 'JO-ZAR', '{"governorateId":"JO-ZAR","name":"الفاخورة"}', '2026-07-11T08:24:07.530Z');
INSERT INTO areas (id, governorate_id, data, updated_at) VALUES ('ZAR-064', 'JO-ZAR', '{"governorateId":"JO-ZAR","name":"حي العراتفة"}', '2026-07-11T08:24:07.530Z');
INSERT INTO areas (id, governorate_id, data, updated_at) VALUES ('ZAR-065', 'JO-ZAR', '{"governorateId":"JO-ZAR","name":"حي النزهة"}', '2026-07-11T08:24:07.530Z');
INSERT INTO areas (id, governorate_id, data, updated_at) VALUES ('ZAR-066', 'JO-ZAR', '{"governorateId":"JO-ZAR","name":"جبل طارق الحلايبة"}', '2026-07-11T08:24:07.530Z');
INSERT INTO areas (id, governorate_id, data, updated_at) VALUES ('ZAR-067', 'JO-ZAR', '{"governorateId":"JO-ZAR","name":"الأزرق"}', '2026-07-11T08:24:07.530Z');
INSERT INTO areas (id, governorate_id, data, updated_at) VALUES ('ZAR-068', 'JO-ZAR', '{"governorateId":"JO-ZAR","name":"بيرين"}', '2026-07-11T08:24:07.530Z');
INSERT INTO areas (id, governorate_id, data, updated_at) VALUES ('ZAR-069', 'JO-ZAR', '{"governorateId":"JO-ZAR","name":"الضليل"}', '2026-07-11T08:24:07.530Z');
INSERT INTO centers (id, data, updated_at) VALUES ('-OwOy0putTBOWypqMA_f', '{"address":"حنينا, مادبا","areaId":"AMM-160","description":"هنا تعريف قصير عن المركز","governorateId":"JO-AMM","imageUrl":"https://data.driverjo.online/questions/IMG_2299.jpeg","lat":31.725691372726114,"lng":35.80326407606263,"mapLink":"https://maps.app.goo.gl/wWAZ91HrbVyX8C8L7?g_st=ic","name":"معاينة شكل المركز المميز","phone":"0790000000","pinned":true,"promoted":true,"promotedUntil":1814610342823,"publicId":1,"publishedAt":"2026-06-30T19:18:38.929Z","rating":5,"reviewCount":0,"schedule":[{"closed":false,"from":"08:00","to":"19:00"},{"closed":false,"from":"08:00","to":"19:00"},{"closed":false,"from":"08:00","to":"19:00"},{"closed":false,"from":"08:00","to":"19:00"},{"closed":false,"from":"08:00","to":"19:00"},{"closed":false,"from":"08:00","to":"18:00"},{"closed":true,"from":"08:00","to":"16:00"}],"whatsapp":"0790000000","workingDays":["السبت","الأحد","الاثنين","الثلاثاء","الأربعاء","الخميس"]}', '2026-07-11T08:24:07.530Z');
INSERT INTO centers (id, data, updated_at) VALUES ('-OxAeeShHw6ERxkssaEQ', '{"address":"ضاحية الشروق, السلط, البلقاء","governorateId":"JO-BAL","imageUrl":"https://lh3.googleusercontent.com/gps-cs-s/AHRPTWkV7jM8bTm_YXuIA8q11lXvPyyw9px8LRxWz6e0HDN1p8EteiNOkPkZghuiSBqSnVem54_xCpIR8KEPAs-vEq_WbDMkzFuyodfqEfXHPTWWl_GLxLGNkPkGNFb8zcBhMJ9JDz98=w203-h152-k-no","lat":32.04482811670384,"lng":35.74093401432037,"mapLink":"https://maps.app.goo.gl/1NFVVpdadJ2UUe8SA","name":"مركز الخيام لتعليم قيادة السيارات","phone":"0778485367","publicId":2,"publishedAt":"2026-07-10T10:55:03.170Z","rating":4.4,"reviewCount":4,"schedule":[{"closed":true,"from":"08:00","to":"16:00"},{"closed":true,"from":"08:00","to":"16:00"},{"closed":true,"from":"08:00","to":"16:00"},{"closed":true,"from":"08:00","to":"16:00"},{"closed":true,"from":"08:00","to":"16:00"},{"closed":true,"from":"08:00","to":"16:00"},{"closed":true,"from":"08:00","to":"16:00"}],"whatsapp":"0778485367"}', '2026-07-11T08:24:07.530Z');
INSERT INTO centers (id, data, updated_at) VALUES ('-OxF09LGZEaitlkfXTWF', '{"address":"العقبة","lat":29.55369298326708,"lng":35.018048730466504,"mapLink":"https://maps.app.goo.gl/9VSTqkz3KTyAYejz7?g_st=ic","name":"مركز بهاء كريشان لتعليم قيادة السيارات","phone":"0775300720","publicId":1,"publishedAt":"2026-07-11T07:11:49.933Z","rating":5,"schedule":[{"closed":false,"from":"09:00","to":"17:00"},{"closed":false,"from":"09:00","to":"17:00"},{"closed":false,"from":"09:00","to":"17:00"},{"closed":false,"from":"09:00","to":"17:00"},{"closed":false,"from":"09:00","to":"17:00"},{"closed":false,"from":"09:00","to":"17:00"},{"closed":false,"from":"09:00","to":"17:00"}],"whatsapp":"0775300720","workingDays":["السبت","الأحد","الاثنين","الثلاثاء","الأربعاء","الخميس","الجمعة"]}', '2026-07-11T08:24:07.530Z');
INSERT INTO center_requests (id, status, data, updated_at) VALUES ('-OwxrHKBy38sGpVJ6Hun', 'archived', '{"areas":{"-Owxr188HIfn-c1roxIJ":"حنينا","-Owxr3-1e8NaPFjMo_Da":"تست"},"centerName":"مركز حماده لتعليم قيادة السيارت","googleRating":4.9,"governorate":{"id":"JO-MAD","name":"مأدبا"},"mapsLink":"https://share.google/m4Josxn9o8KE6zCPj","phone":"0791002373","reviewCount":230,"reviewedAt":"2026-07-10T11:20:01.370Z","schedule":{"friday":{"open":false},"monday":{"from":"09:00","open":true,"to":"17:00"},"saturday":{"from":"09:00","open":true,"to":"17:00"},"sunday":{"from":"05:00","open":true,"to":"17:00"},"thursday":{"from":"09:00","open":true,"to":"17:00"},"tuesday":{"from":"09:00","open":true,"to":"17:00"},"wednesday":{"from":"09:00","open":true,"to":"17:00"}},"status":"archived","submittedAt":"2026-07-07T18:35:31.835Z","whatsapp":"0791002373"}', '2026-07-11T08:24:07.530Z');
INSERT INTO center_requests (id, status, data, updated_at) VALUES ('-OxA1MsMWkOouH9g1l2t', 'archived', '{"areas":{"-OxA02Tl2165zhWKawSC":"الصبيحي","-OxA045Q0gKOOcDXvlEM":"السلالم","-OxA054BvZATZb1rRxIq":"البحيره","-OxA06KVCqcoelckXjBU":"البقعان","-OxA089NuHWZ-rqjylNL":"إسكان المهندسين","-OxA09aQALEEsOLWS5SB":"نقب الدبور","-OxA0Ak-Km7FvfZ6xW5m":"السرو","-OxA0KVnTCWC5t846tIH":"الخندق","-OxA0MCmbBgAABmD979I":"واد الاكراد","-OxA0Oyzg0bYmbRH_yYA":"المنشيه","-OxA0RiGhNjTH0616unP":"جامعة البلقاء التطبيقية","-OxA0T0Ie8EsPBTedXsx":"جامعة عمان الأهلية","-OxA0XKT6vh2VCo5x1wo":"زي","-OxA0b1ZUkfLP8JboqnS":"الفحيص","-OxA0ca_9pSQdEo6Ffrb":"عين الباشا","-OxA0n7bIeRkQHqcYE-g":"واد الشجرة","-OxA0p2NBA2yEKDRb7up":"المغاريب","-OxA0wD0Je7OjWf8kig7":"السلط وضواحيها","BAL-001":"السلط","BAL-005":"فحص"},"centerName":"مركز الخيام لتعليم قيادة السيارات","governorate":{"id":"JO-BAL","name":"البلقاء"},"mapsLink":"https://maps.app.goo.gl/47PfHNMkYuxV785R8?g_st=ac","phone":"0778485367","reviewedAt":"2026-07-10T11:19:57.054Z","schedule":{"friday":{"from":"08:00","open":true,"to":"20:00"},"monday":{"from":"08:00","open":true,"to":"20:00"},"saturday":{"from":"08:00","open":true,"to":"20:00"},"sunday":{"from":"08:00","open":true,"to":"20:00"},"thursday":{"from":"08:00","open":true,"to":"20:00"},"tuesday":{"from":"08:00","open":true,"to":"20:00"},"wednesday":{"from":"08:00","open":true,"to":"20:00"}},"status":"archived","submittedAt":"2026-07-10T07:59:01.266Z","whatsapp":"0778485367"}', '2026-07-11T08:24:07.530Z');
INSERT INTO center_requests (id, status, data, updated_at) VALUES ('-OxAujzH0Ct_DWJ0F2_A', 'pending', '{"areas":{"AMM-001":"العبدلي","AMM-002":"رأس العين","AMM-003":"المدينة","AMM-004":"زهران","AMM-005":"اليرموك","AMM-006":"بدر"},"centerName":"تست","governorate":{"id":"JO-AMM","name":"عمان"},"lat":31.72565743963739,"lng":35.803277781415666,"mapsLink":"https://maps.app.goo.gl/NcQzypB486hzJ26C7","phone":"0778485367","schedule":{"friday":{"open":false},"monday":{"open":false},"saturday":{"open":false},"sunday":{"open":false},"thursday":{"open":false},"tuesday":{"open":false},"wednesday":{"open":false}},"status":"pending","submittedAt":"2026-07-10T12:05:19.946Z","whatsapp":"0778485367"}', '2026-07-11T08:24:07.530Z');
INSERT INTO center_requests (id, status, data, updated_at) VALUES ('-OxBaQ8zPYPzDipcfxp5', 'approved', '{"address":"العقبة","centerName":"مركز بهاء كريشان لتعليم قيادة السيارات","googleRating":5,"lat":29.55369298326708,"lng":35.018048730466504,"mapsLink":"https://maps.app.goo.gl/9VSTqkz3KTyAYejz7?g_st=ic","phone":"0775300720","publishedCenterId":"-OxF09LGZEaitlkfXTWF","reviewedAt":"2026-07-11T07:11:49.934Z","schedule":{"friday":{"from":"09:00","open":true,"to":"17:00"},"monday":{"from":"09:00","open":true,"to":"17:00"},"saturday":{"from":"09:00","open":true,"to":"17:00"},"sunday":{"from":"09:00","open":true,"to":"17:00"},"thursday":{"from":"09:00","open":true,"to":"17:00"},"tuesday":{"from":"09:00","open":true,"to":"17:00"},"wednesday":{"from":"09:00","open":true,"to":"17:00"}},"status":"approved","submittedAt":"2026-07-10T15:16:08.953Z","whatsapp":"0775300720"}', '2026-07-11T08:24:07.530Z');
INSERT INTO center_requests (id, status, data, updated_at) VALUES ('-OxBgUdIIHKVEfSH0syJ', 'pending', '{"address":"تستتست","centerName":"سعع","mapsLink":"https://maps.app.goo.gl/9VSTqkz3KTyAYejz7?g_st=ic","phone":"0781002272","schedule":{"friday":{"open":false},"monday":{"from":"09:00","open":true,"to":"17:00"},"saturday":{"from":"09:00","open":true,"to":"17:00"},"sunday":{"from":"09:00","open":true,"to":"17:00"},"thursday":{"from":"09:00","open":true,"to":"17:00"},"tuesday":{"from":"09:00","open":true,"to":"17:00"},"wednesday":{"from":"09:00","open":true,"to":"17:00"}},"status":"pending","submittedAt":"2026-07-10T15:42:40.202Z","whatsapp":"0781002272"}', '2026-07-11T08:24:07.530Z');
INSERT INTO center_requests (id, status, data, updated_at) VALUES ('-OxCRfBkDJqiwR7w33yq', 'pending', '{"address":"ما تست","centerName":"تست صور","description":"تست تست تست","googleRating":4.8,"imageUrl":"https://data.driverjo.online/questions/1783710747068-uowr69ti.png","mapsLink":"https://maps.app.goo.gl/nnKUpV1BQkd18Z3K7","phone":"0790000000","reviewCount":120,"schedule":{"friday":{"from":"09:00","open":true,"to":"17:00"},"monday":{"from":"09:00","open":true,"to":"17:00"},"saturday":{"from":"09:00","open":true,"to":"17:00"},"sunday":{"from":"09:00","open":true,"to":"17:00"},"thursday":{"from":"09:00","open":true,"to":"17:00"},"tuesday":{"from":"09:00","open":true,"to":"17:00"},"wednesday":{"from":"09:00","open":true,"to":"17:00"}},"status":"pending","submittedAt":"2026-07-10T19:13:10.433Z","whatsapp":"0790000000"}', '2026-07-11T08:24:07.530Z');
